Name,Star,Size(Rs/Rj),Distance(ly)/Orbit(AU),Texture,Right ascension,Declination,Apparent magnitude,Spectral class,Spectral type,(Confirmed)Planets,Day(day),Year(a),Inclination(km),detection,BinOrTri/Mass(Me)
Sun,1,1,0,textures/sol.png,00.00.0,+00.00.0,-26.74,G,G2V,8,-,-,-,-,
Mercury,0,0.034901518,0.387098,textures/mercury.jpg,-,-,-,-,-,-,58.646,0.240846,0,detection,
Venus,0,0.086567207,0.723327,textures/venus.jpg,-,-,-,-,-,-,-243.0185,0.615198,177.36,detection,
Earth,0,0.091130151,1,textures/earth.jpg,-,-,-,-,-,-,1,1,23.45,live,
Mars,0,0.048633262,1.523679,textures/mars.png,-,-,-,-,-,-,1.025957,1.8808,25.19,detection,
Jupiter,0,1,5.204267,textures/jupiter.jpg,-,-,-,-,-,-,0.413541667,11.8618,3.13,detection,
Saturn,0,0.832944744,9.5820172,textures/saturn.png,-,-,-,-,-,-,0.440416667,29.4571,26.73,detection,
Uranus,0,0.362761225,19.22941195,textures/uranus.jpg,-,-,-,-,-,-,-0.71833,84.323326,97.77,detection,
Neptune,0,0.352190642,30.10366151,textures/neptune.jpg,-,-,-,-,-,-,0.6713,164.79,28.32,detection,
Tau Ceti,1,0.793,12,textures/sol.png,01.44.05.13,-15.56.22.4,3.49,G,G8V,5,-,-,-,-,
b,0,,0.105,textures/earth.jpg,-,-,-,-,-,-,,0.038260274,,unknown,
c,0,,0.195,textures/earth.jpg,-,-,-,-,-,-,,0.096882192,,unknown,
d,0,,0.374,textures/earth.jpg,-,-,-,-,-,-,,0.257835616,,unknown,
e,0,,0.552,textures/earth.jpg,-,-,-,-,-,-,,0.46060274,,unknown,
f,0,,1.35,textures/earth.jpg,-,-,-,-,-,-,,1.75890411,,unknown,
Gliese 876,1,0.36,15,textures/sol.png,22.53.16.73,-14.15.49.3,10.17,M,M4V,4,-,-,-,-,
b,0,,0.208317,textures/earth.jpg,-,-,-,-,-,-,,0.16744274,59,Radial Velocity,618.7571608
c,0,,0.12959,textures/earth.jpg,-,-,-,-,-,-,,0.082433151,59,Radial Velocity,194.5571594
d,0,,0.020807,textures/earth.jpg,-,-,-,-,-,-,,0.005308986,59,Radial Velocity,5.853959511
e,0,,0.3343,textures/earth.jpg,-,-,-,-,-,-,,0.340438356,59,Radial Velocity,12.46762785
82 G.Eridani,1,,20,textures/sol.png,03.19.55.65,-43.04.11.2,4.254,G,G8V,3,-,-,-,-,
b,0,,,,,,,,,,,,,,
c,0,,,,,,,,,,,,,,
d,0,,,,,,,,,,,,,,
Gliese 581,1,0.299,20,textures/sol.png,15.19.26.83,-07.43.20.2,10.56,M,M3V,4,-,-,-,-,
b,0,,0.04,textures/earth.jpg,-,-,-,-,-,-,,0.014708877,,Radial Velocity,15.85965276
c,0,,0.07,textures/earth.jpg,-,-,-,-,-,-,,0.035422466,,Radial Velocity,5.331564347
d,0,,0.22,textures/earth.jpg,-,-,-,-,-,-,,0.183013699,,Radial Velocity,6.073602571
e,0,,0.03,textures/earth.jpg,-,-,-,-,-,-,,0.008628548,,Radial Velocity,1.949665072
Gliese 667 C,1,0.42,21,textures/sol.png,17.18.57.16,-34.59.23.14,10.2,M,M1.5V,5,-,-,-,-,3
b,0,,0.0505,textures/earth.jpg,-,-,-,-,-,-,,0.019727123,,Radial Velocity,5.457197253
c,0,,0.125,textures/earth.jpg,-,-,-,-,-,-,,0.07709589,,Radial Velocity,4.271709511
d,0,,0.276,textures/earth.jpg,-,-,-,-,-,-,,0.250986301,,Radial Velocity,
e,0,,0.213,textures/earth.jpg,-,-,-,-,-,-,,0.170520548,,Radial Velocity,
f,0,,0.156,textures/earth.jpg,-,-,-,-,-,-,,0.106920548,,Radial Velocity,
g,0,,0.549,textures/earth.jpg,-,-,-,-,-,-,,0.701917808,,Radial Velocity,
b,0,,0.050201,textures/earth.jpg,-,-,-,-,-,-,,0.011547945,,Radial Velocity,
c,0,,0.2175,textures/earth.jpg,-,-,-,-,-,-,,0.104167123,,Radial Velocity,
d,0,,0.476,textures/earth.jpg,-,-,-,-,-,-,,0.337013699,,Radial Velocity,
55 Cancri,1,0.943,40,textures/sol.png,08.52.35.81,+28.19.50.9,5.95,G,G8V,5,-,-,-,-,
b,0,,0.1134,textures/earth.jpg,-,-,-,-,-,-,,0.040139726,,Radial Velocity,254.7207974
c,0,,0.237,textures/earth.jpg,-,-,-,-,-,-,,0.121589041,,Radial Velocity,52.29926594
d,0,,5.47,textures/earth.jpg,-,-,-,-,-,-,,13.44931507,,Radial Velocity,1126.504157
e,0,0.194,0.01583,textures/earth.jpg,-,-,-,-,-,-,,0.002017934,82.5,Radial Velocity,8.379902375
f,0,,0.77,textures/earth.jpg,-,-,-,-,-,-,,0.715616438,,Radial Velocity,54.94318233
HD 69830,1,0.921634,41,textures/sol.png,08.18.23.95,-12.37.55.8,5.95,K,K0V,3,-,-,-,-,
b,0,,0.0785,textures/earth.jpg,-,-,-,-,-,-,,0.023745205,,Radial Velocity,10.05851437
c,0,,0.186,textures/earth.jpg,-,-,-,-,-,-,,0.086465753,,Radial Velocity,11.68640284
d,0,,0.63,textures/earth.jpg,-,-,-,-,-,-,,0.539726027,,Radial Velocity,17.90492978
HD 40307,1,0.839223,42,textures/sol.png,05.54.04.24,-60.01.24.5,7.17,K,K2.5V,6,-,-,-,-,
b,0,,0.0468,textures/earth.jpg,-,-,-,-,-,-,,0.011814521,,Radial Velocity,4.102090785
c,0,,0.0799,textures/earth.jpg,-,-,-,-,-,-,,0.026351781,,Radial Velocity,6.720804319
d,0,,0.1321,textures/earth.jpg,-,-,-,-,-,-,,0.055978082,,Radial Velocity,8.923019182
e,0,,0.1886,textures/earth.jpg,-,-,-,-,-,-,,0.094849315,,Radial Velocity,
f,0,,0.247,textures/earth.jpg,-,-,-,-,-,-,,0.141808219,,Radial Velocity,
g,0,,0.6,textures/earth.jpg,-,-,-,-,-,-,,0.541917808,,Radial Velocity,
Upsilon Andromedae,1,1.383,44,textures/sol.png,01.36.47.84,+41.24.19.7,4.09,F,F8V,4,-,-,-,-,
b,0,,0.059222,textures/earth.jpg,-,-,-,-,-,-,,0.012649405,,Radial Velocity,212.7073482
c,0,,0.827774,textures/earth.jpg,-,-,-,-,-,-,,0.660980822,,Radial Velocity,609.7470599
d,0,,2.51329,textures/earth.jpg,-,-,-,-,-,-,,3.497150685,,Radial Velocity,1308.075966
e,0,,5.24558,textures/earth.jpg,-,-,-,-,-,-,,10.54482192,,Radial Velocity,
47 Ursae Majoris,1,1.11869,46,textures/sol.png,10.59.27.97,+40.25.48.9,5.1,G,G0V,3,-,-,-,-,
b,0,,2.1,textures/earth.jpg,-,-,-,-,-,-,,2.953424658,,Radial Velocity,809.1261329
c,0,,3.6,textures/earth.jpg,-,-,-,-,-,-,,6.550684932,,Radial Velocity,173.4560433
d,0,,11.6,textures/earth.jpg,-,-,-,-,-,-,,38.36164384,,Radial Velocity,
Nu2 Lupi,1,,47,textures/sol.png,15.21.49.57,-48.19.01.1,5.65,G,G2V,3,-,-,-,-,
b,0,,,,,,,,,,,,,,
c,0,,,,,,,,,,,,,,
d,0,,,,,,,,,,,,,,
Gliese 163,1,,49,textures/sol.png,04.09.16,-53.22.25,11.8,M,M3.5V,3,-,-,-,-,
b,0,,0.061,textures/earth.jpg,-,-,-,-,-,-,,0.023646575,,Radial Velocity,3368.856081
c,0,,0.13,textures/earth.jpg,-,-,-,-,-,-,,0.070136986,,Radial Velocity,2161.152958
d,0,,1,textures/earth.jpg,-,-,-,-,-,-,,1.652054795,,Radial Velocity,9343.808376
Mu Arae,1,1.25035,51,textures/sol.png,17.44.08.70,-51.50.02.6,5.15,G,G3IV-V,4,-,-,-,-,
b,0,,1.5273,textures/earth.jpg,-,-,-,-,-,-,,1.761160133,,,554.7552516
c,0,,5.34057,textures/earth.jpg,-,-,-,-,-,-,,11.51509878,,,600.3778262
d,0,,0.0927843,textures/earth.jpg,-,-,-,-,-,-,,0.026389612,,,10.99241848
e,0,,0.93961,textures/earth.jpg,-,-,-,-,-,-,,0.850257694,,,172.676757
HD 113538,1,,52,textures/sol.png,13.04.57.48,-52.26.34.5,9.1,K,K9V,2,-,-,-,-,
b,0,,0.71,textures/earth.jpg,-,-,-,-,-,-,,0.721369863,,Radial Velocity,
c,0,,2.43,textures/earth.jpg,-,-,-,-,-,-,,4.539726027,,Radial Velocity,
Gliese 777 A,1,1.07528,52,textures/sol.png,20.03.37.41,+29.53.48.5,5.71,G,G6IV,2,-,-,-,-,2
b,0,,3.97285,textures/earth.jpg,-,-,-,-,-,-,,7.98110653,,,487.8866365
c,0,,0.129216,textures/earth.jpg,-,-,-,-,-,-,,0.046848439,,,18.74285328
Gliese 676 A,1,,53,textures/sol.png,17.30.11.2042,-51.38.13.116,9.59,M,M0V,4,-,-,-,-,2
b,0,,1.8,textures/earth.jpg,-,-,-,-,-,-,,2.877534247,,Radial Velocity,1556.351124
c,0,,,,,,,,,,,,,,
d,0,,0.0413,textures/earth.jpg,-,-,-,-,-,-,,0.009863014,,Radial Velocity,
e,0,,0.187,textures/earth.jpg,-,-,-,-,-,-,,0.09690411,,Radial Velocity,
HD 128311,1,0.58322,54,textures/sol.png,14.36.00.56,+09.44.47.5,7.51,K,K0V,2,-,-,-,-,
b,0,,1.086,textures/earth.jpg,-,-,-,-,-,-,,1.244383562,,Radial Velocity,463.1223662
c,0,,1.745,textures/earth.jpg,-,-,-,-,-,-,,2.530958904,,Radial Velocity,1032.420906
14 Herculis,1,0.912364,57,textures/sol.png,16.10.24.31,+43.49.03.5,6.67,K,K0V,2,-,-,-,-,
b,0,,2.77,textures/earth.jpg,-,-,-,-,-,-,,4.858630137,,Radial Velocity,1657.369134
c,0,,,,,,,,,,,,,,
83 Leonis,1,0.630794,59,textures/sol.png,11.26.46.28,+03.00.22.8,7.57,K,K2V,2,-,-,-,-,
b,0,,,,,,,,,,,,,,33.74544998
c,0,,,,,,,,,,,,,,
HD 217107,1,1.5,65,textures/sol.png,22.58.15.54,-02.23.43.4,6.18,G,G8IV,2,-,-,-,-,
b,0,,0.0748,textures/earth.jpg,-,-,-,-,-,-,,0.019525523,,Radial Velocity,445.2992106
c,0,,5.32,textures/earth.jpg,-,-,-,-,-,-,,11.69863014,,Radial Velocity,831.2366345
HD 215152,1,,70,textures/sol.png,22.43.21,-06.24.03,8.13,G,G8IV,2,-,-,-,-,
b,0,,0.0652,textures/earth.jpg,-,-,-,-,-,-,,0.019952055,,Radial Velocity,
c,0,,0.0852,textures/earth.jpg,-,-,-,-,-,-,,0.029769863,,Radial Velocity,
HD 1461,1,1.12553,76,textures/sol.png,00.18.41.62,-08.03.09.5,6.47,G,G0V,2,-,-,-,-,
b,0,,0.063438,textures/earth.jpg,-,-,-,-,-,-,,0.015815616,,Radial Velocity,7.628997067
c,0,,0.1117,textures/earth.jpg,-,-,-,-,-,-,,0.037,,Radial Velocity,
HD 134060,1,,79,textures/sol.png,15.10.44.97,-61.25.20.3,6.29,G,G3IV,2,-,-,-,-,
b,0,,0.0444,textures/earth.jpg,-,-,-,-,-,-,,0.008958904,,Radial Velocity,
c,0,,2.2263,textures/earth.jpg,-,-,-,-,-,-,,3.180547945,,Radial Velocity,
HD 60532,1,2.35065,83,textures/sol.png,07.34.03.18,-22.17.45.8,4.46,F,F6IV-V,2,-,-,-,-,
b,0,,0.77,textures/earth.jpg,-,-,-,-,-,-,,0.552958904,20,Radial Velocity,328.8766295
c,0,,1.58,textures/earth.jpg,-,-,-,-,-,-,,1.663178082,20,Radial Velocity,782.8204519
HD 96700,1,,83,textures/sol.png,11.07.54,-30.10.28,6.5,G,G0V,2,-,-,-,-,
b,0,,0.0774,textures/earth.jpg,-,-,-,-,-,-,,0.022261918,,Radial Velocity,
c,0,,0.422,textures/earth.jpg,-,-,-,-,-,-,,0.283534247,,Radial Velocity,
HD 142,1,1.5121,84,textures/sol.png,00.06.18.66,-49.04.30.3,5.7,G,G1IV,2,-,-,-,-,
b,0,,1.02,textures/earth.jpg,-,-,-,-,-,-,,0.958082192,,Radial Velocity,414.9731495
c,0,,6.8,textures/earth.jpg,-,-,-,-,-,-,,16.45205479,,Radial Velocity,
HD 39194,1,,84,textures/sol.png,05.44.32,-70.08.37,8.08,K,K0V,3,-,-,-,-,
b,0,,0.0519,textures/earth.jpg,-,-,-,-,-,-,,0.015441918,,Radial Velocity,
c,0,,0.0954,textures/earth.jpg,-,-,-,-,-,-,,0.038424658,,Radial Velocity,
d,0,,0.172,textures/earth.jpg,-,-,-,-,-,-,,0.092989041,,Radial Velocity,
23 Librae,1,,85,textures/sol.png,15.13.28.67,-25.18.33.6,6.45,G,G5V,2,-,-,-,-,
b,0,,,,,,,,,,,,,,
c,0,,,,,,,,,,,,,,
HIP 57274,1,0.68,85,textures/sol.png,11.44.41,+30.57.33,8.96,K,K5V,3,-,-,-,-,
b,0,,0.07,textures/earth.jpg,-,-,-,-,-,-,,0.022288219,,Radial Velocity,11.62280773
c,0,,0.178,textures/earth.jpg,-,-,-,-,-,-,,0.087753425,,Radial Velocity,130.3353211
d,0,,1.01,textures/earth.jpg,-,-,-,-,-,-,,1.182739726,,Radial Velocity,167.9892798
HD 181433,1,1.00831,87,textures/sol.png,19.25.09.57,-66.28.07.7,8.38,K,K5V,3,-,-,-,-,
b,0,,0.08,textures/earth.jpg,-,-,-,-,-,-,,0.025683014,,Radial Velocity,7.542773421
c,0,,1.76,textures/earth.jpg,-,-,-,-,-,-,,2.635616438,,Radial Velocity,203.534843
d,0,,3,textures/earth.jpg,-,-,-,-,-,-,,5.950684932,,Radial Velocity,170.1850747
HD 134606,1,,87,textures/sol.png,15.15.15,-70.31.11,6.85,G,G6IV,3,-,-,-,-,
b,0,,0.1023,textures/earth.jpg,-,-,-,-,-,-,,0.03310411,,Radial Velocity,
c,0,,0.2962,textures/earth.jpg,-,-,-,-,-,-,,0.163065753,,Radial Velocity,
d,0,,1.1567,textures/earth.jpg,-,-,-,-,-,-,,1.258246575,,Radial Velocity,
HD 82943,1,1.09738,90,textures/sol.png,09.34.50.74,-12.07.46.4,6.54,G,G0V,2,-,-,-,-,
b,0,,1.18,textures/earth.jpg,-,-,-,-,-,-,,1.208767123,,Radial Velocity,550.9414522
c,0,,0.747,textures/earth.jpg,-,-,-,-,-,-,,0.600821918,,Radial Velocity,632.2230506
HD 114386,1,0.637212,91,textures/sol.png,13.10.39.82,-35.03.17.2,8.73,K,K3V,2,-,-,-,-,
b,0,,1.65,textures/earth.jpg,-,-,-,-,-,-,,2.569041096,,Radial Velocity,433.406513
c,0,,,textures/earth.jpg,-,-,-,-,-,-,,2.865753425,,Radial Velocity,
HD 13808,1,,93,textures/sol.png,02.12.43,-53.44.38,8.38,K,K2V,2,-,-,-,-,
b,0,,0.1017,textures/earth.jpg,-,-,-,-,-,-,,0.038854795,,Radial Velocity,
c,0,,0.2476,textures/earth.jpg,-,-,-,-,-,-,,0.147484932,,Radial Velocity,
HD 21693,1,,105,textures/sol.png,03.27.12,-58.19.25,7.94,G,G9IV,2,-,-,-,-,
b,0,,0.1484,textures/earth.jpg,-,-,-,-,-,-,,0.062071233,,Radial Velocity,
c,0,,0.2644,textures/earth.jpg,-,-,-,-,-,-,,0.147619178,,Radial Velocity,
HD 11964,1,1.76025,107,textures/sol.png,01.57.09.61,-10.14.32.7,6.42,G,G5IV,2,-,-,-,-,
b,0,,3.16,textures/earth.jpg,-,-,-,-,-,-,,5.328767123,,Radial Velocity,193.2661883
c,0,,0.229,textures/earth.jpg,-,-,-,-,-,-,,0.103863014,,Radial Velocity,24.49377664
HD 45364,1,1.02464,107,textures/sol.png,06.25.38.48,-31.28.51.4,8.07,G,G8V,2,-,-,-,-,
b,0,,0.6813,textures/earth.jpg,-,-,-,-,-,-,,0.621726027,,Radial Velocity,59.47906101
c,0,,0.8972,textures/earth.jpg,-,-,-,-,-,-,,0.939315068,,Radial Velocity,209.2863702
HD 37124,1,0.772275,110,textures/sol.png,05.37.02.49,+20.43.50.8,7.68,G,G4V,3,-,-,-,-,
b,0,,0.53,textures/earth.jpg,-,-,-,-,-,-,,0.423178082,,Radial Velocity,214.3263061
c,0,,3.19,textures/earth.jpg,-,-,-,-,-,-,,6.287671233,,Radial Velocity,205.9798062
d,0,,1.64,textures/earth.jpg,-,-,-,-,-,-,,2.311232877,,Radial Velocity,218.2287762
HD 65216,1,0.88536,112,textures/sol.png,07.53.41.3,-63.38.50.4,7.98,G,G5V,2,-,-,-,-,
b,0,,1.3,textures/earth.jpg,-,-,-,-,-,-,,1.568219178,,Radial Velocity,HD 65216
c,0,,0.54,textures/earth.jpg,-,-,-,-,-,-,,0.418082192,,Radial Velocity,
HD 12661,1,1.06782,114,textures/sol.png,02.04.34.29,+25.24.51.5,7.44,G,G6V,2,-,-,-,-,
b,0,,0.831,textures/earth.jpg,-,-,-,-,-,-,,0.719750685,,Radial Velocity,743.945124
c,0,,2.9,textures/earth.jpg,-,-,-,-,-,-,,4.679452055,,Radial Velocity,619.3292307
HD 51608,1,,114,textures/sol.png,006.54.51,-55.15.34,8.17,K,K0IV,2,-,-,-,-,
b,0,,0.1059,textures/earth.jpg,-,-,-,-,-,-,,0.038547945,,Radial Velocity,
c,0,,0.3791,textures/earth.jpg,-,-,-,-,-,-,,0.261410959,,Radial Velocity,
HD 20781,1,,115,textures/sol.png,03.20.03,-28.47.02,8.44,G,G9.5V,2,-,-,-,-,
b,0,,0.169,textures/earth.jpg,-,-,-,-,-,-,,0.079863014,,Radial Velocity,
c,0,,0.3456,textures/earth.jpg,-,-,-,-,-,-,,0.233235616,,Radial Velocity,
HD 169830,1,1.80318,119,textures/sol.png,18.27.49.48,-29.49.00.7,5.91,F,F9V,2,-,-,-,-,
b,0,,0.81,textures/earth.jpg,-,-,-,-,-,-,,0.618136986,,Radial Velocity,918.3183861
c,0,,3.6,textures/earth.jpg,-,-,-,-,-,-,,5.75890411,,Radial Velocity,1291.628956
HD 215456,1,,124,textures/sol.png,22.46.08,-48.58.4,6.63,G,G0.5V,2,-,-,-,-,
b,0,,0.652,textures/earth.jpg,-,-,-,-,-,-,,0.526,,Radial Velocity,
c,0,,3.394,textures/earth.jpg,-,-,-,-,-,-,,6.238356164,,Radial Velocity,
Kepler-42,1,0.17,126,textures/sol.png,19.28.53,+44.37.10,16.12,M,M,3,-,-,-,-,
b,0,0.07,0.0116,textures/earth.jpg,-,-,-,-,-,-,,0.00332539,,Transit,
c,0,0.065,0.006,textures/earth.jpg,-,-,-,-,-,-,,0.001241877,,Transit,
d,0,0.051,0.0154,textures/earth.jpg,-,-,-,-,-,-,,0.005110052,,Transit,
HD 31527,1,,126,textures/sol.png,04.55.38,-23.14.31,7.48,G,G0V,3,-,-,-,-,
b,0,,0.1253,textures/earth.jpg,-,-,-,-,-,-,,0.045331507,,Radial Velocity,
c,0,,0.2665,textures/earth.jpg,-,-,-,-,-,-,,0.14050411,,Radial Velocity,
d,0,,0.8181,textures/earth.jpg,-,-,-,-,-,-,,0.752027397,,Radial Velocity,
HD 10180,1,1.10851,127,textures/sol.png,01.37.53.58,-60.30.41.5,7.33,G,G1V,7,-,-,-,-,
b,0,,,,,,,,,,,,,,
c,0,,0.0641,textures/earth.jpg,-,-,-,-,-,-,,0.015780247,,Radial Velocity,13.19110558
d,0,,0.1286,textures/earth.jpg,-,-,-,-,-,-,,0.044816164,,Radial Velocity,11.96735272
e,0,,0.2699,textures/earth.jpg,-,-,-,-,-,-,,0.136287671,,Radial Velocity,25.35836495
f,0,,0.4929,textures/earth.jpg,-,-,-,-,-,-,,0.336328767,,Radial Velocity,23.62178321
g,0,,1.422,textures/earth.jpg,-,-,-,-,-,-,,1.647123288,,Radial Velocity,21.41489644
h,0,,3.4,textures/earth.jpg,-,-,-,-,-,-,,6.087671233,,Radial Velocity,65.4807099
HD 47186,1,1.13117,129,textures/sol.png,06.36.08.79,-27.37.20.3,7.79,G,G6V,2,-,-,-,-,
b,0,,0.05,textures/earth.jpg,-,-,-,-,-,-,,0.011190411,,Radial Velocity,22.62949618
c,0,,2.395,textures/earth.jpg,-,-,-,-,-,-,,3.708493151,,Radial Velocity,110.6907585
HR 8799,1,1.44,129,textures/sol.png,23.07.28.72,+21.08.03.3,5.96,A,A5V,4,-,-,-,-,
b,0,1.2,68,textures/earth.jpg,-,-,-,-,-,-,,465.7534247,,Imaging,
c,0,1.2,38,textures/earth.jpg,-,-,-,-,-,-,,189.0410959,,Imaging,
d,0,1.37,24,textures/earth.jpg,-,-,-,-,-,-,,101.369863,,Imaging,
e,0,,14.5,textures/earth.jpg,-,-,-,-,-,-,,49.31506849,,Imaging,
HD 38529,1,2.02418,138,textures/sol.png,05.46.35.96,+01.10.06.7,5.94,G,G4V,2,-,-,-,-,
b,0,,0.129,textures/earth.jpg,-,-,-,-,-,-,,0.03920274,,Radial Velocity,255.2903247
c,0,,3.68,textures/earth.jpg,-,-,-,-,-,-,,5.956986301,,Radial Velocity,3896.527001
HD 93385,1,,138,textures/sol.png,10.46.15,-41.27.52,7.49,G,G2V,2,-,-,-,-,
b,0,,0.1116,textures/earth.jpg,-,-,-,-,-,-,,0.036126027,,Radial Velocity,
c,0,,0.257,textures/earth.jpg,-,-,-,-,-,-,,0.12609589,,Radial Velocity,
BD-08.2823,1,1.27853,139,textures/sol.png,10.00.47.82,-09.31.00,9.86,K,K3V,2,-,-,-,-,
b,0,,0.056,textures/earth.jpg,-,-,-,-,-,-,,0.015342466,,Radial Velocity,
c,0,,0.68,textures/earth.jpg,-,-,-,-,-,-,,0.650958904,,Radial Velocity,
HD 147018,1,1.05268,140,textures/sol.png,16.23.00,-61.41.19.5,8.37,G,G9V,2,-,-,-,-,
b,0,,0.2388,textures/earth.jpg,-,-,-,-,-,-,,0.121194521,,Radial Velocity,676.0308923
c,0,,1.922,textures/earth.jpg,-,-,-,-,-,-,,2.761643836,,Radial Velocity,2095.539718
HD 37605,1,0.916831,140,textures/sol.png,05.40.01.73,+06.03.38.1,8.69,K,K0,2,-,-,-,-,
b,0,,0.25,textures/earth.jpg,-,-,-,-,-,-,,0.150684932,,Radial Velocity,890.4395129
c,0,,3.814,textures/earth.jpg,-,-,-,-,-,-,,7.452054795,,Radial Velocity,1069.618162
HD 215497,1,1.10659,142,textures/sol.png,22.46.36.75,-56.35.58.3,8.97,K,K3V,2,-,-,-,-,
b,0,,,textures/earth.jpg,-,-,-,-,-,-,,0.010767123,,Radial Velocity,HD 215497
c,0,,,textures/earth.jpg,-,-,-,-,-,-,,1.553424658,,Radial Velocity,HD 215497
HD 20003,1,,143,textures/sol.png,03.07.38,-72.19.19,8.37,G,G8V,2,-,-,-,-,
b,0,,0.0974,textures/earth.jpg,-,-,-,-,-,-,,0.032463014,,Radial Velocity,
c,0,,0.1961,textures/earth.jpg,-,-,-,-,-,-,,0.092665753,,Radial Velocity,
HD 155358,1,1.49875,144,textures/sol.png,17.09.34.62,+33.21.21.1,7.27,G,G0V,2,-,-,-,-,
b,0,,0.64,textures/earth.jpg,-,-,-,-,-,-,,0.532328767,,Radial Velocity,260.445628
c,0,,1.02,textures/earth.jpg,-,-,-,-,-,-,,1.07369863,,Radial Velocity,256.4878577
HIP 5158,1,0.986271,146,textures/sol.png,01.06.02.05,-22.27.11.4,10.21,K,K5,2,-,-,-,-,
b,0,,0.89,textures/earth.jpg,-,-,-,-,-,-,,0.947178082,,Radial Velocity,453.3113674
c,0,,7.7,textures/earth.jpg,-,-,-,-,-,-,,24.70630137,,Radial Velocity,
HD 187123,1,1.14277,157,textures/sol.png,19.46.58.11,+34.25.10.3,7.83,G,G5V,2,-,-,-,-,
b,0,,0.042,textures/earth.jpg,-,-,-,-,-,-,,0.008484932,,Radial Velocity,162.1042696
c,0,,4.89,textures/earth.jpg,-,-,-,-,-,-,,10.43835616,,Radial Velocity,617.2634227
HD 204313,1,1.12584,154,textures/sol.png,21.28.12.21,-21.43.34.5,7.99,G,G5V,3,-,-,-,-,
b,0,,3.082,textures/earth.jpg,-,-,-,-,-,-,,5.290410959,,Radial Velocity,1112.637819
c,0,,0.2103,textures/earth.jpg,-,-,-,-,-,-,,0.095542466,,Radial Velocity,
d,0,,3.93,textures/earth.jpg,-,-,-,-,-,-,,7.757808219,,Radial Velocity,
Cha 110913-773444,1,,163,textures/sol.png,11.09.13.63,-77.34.44.6,21.59,L,L,4,-,-,-,-,
b,0,,,,,,,,,,,,,,
c,0,,,,,,,,,,,,,,
d,0,,,,,,,,,,,,,,
e,0,,,,,,,,,,,,,,
HD 11506,1,1.26275,169,textures/sol.png,01.52.50.53,-19.30.25.1,7.54,G,G0V,2,-,-,-,-,
b,0,,2.43,textures/earth.jpg,-,-,-,-,-,-,,3.48,,Radial Velocity,1504.76631
c,0,,0.639,textures/earth.jpg,-,-,-,-,-,-,,0.467,,Radial Velocity,
HD 41248,1,,171,textures/sol.png,06.00.33.0,-56.09.43,8.82,G,G2V,2,-,-,-,-,
b,0,,0.137,textures/earth.jpg,-,-,-,-,-,-,,0.050293151,,Radial Velocity,
c,0,,0.172,textures/earth.jpg,-,-,-,-,-,-,,0.070268493,,Radial Velocity,
HD 9446,1,0.919448,171,textures/sol.png,01.33.20.18,+29.15.54.5,8.35,G,G5V,2,-,-,-,-,
b,0,,0.189,textures/earth.jpg,-,-,-,-,-,-,,0.082334247,,Radial Velocity,222.0803958
c,0,,0.654,textures/earth.jpg,-,-,-,-,-,-,,0.528493151,,Radial Velocity,576.9897017
HD 159868,1,1.84825,172,textures/sol.png,17.38.59.53,-43.08.43.8,7.27,G,G5V,2,-,-,-,-,
b,0,,2.25,textures/earth.jpg,-,-,-,-,-,-,,3.228493151,,Radial Velocity,699.2092578
c,0,,1,textures/earth.jpg,-,-,-,-,-,-,,0.965205479,,Radial Velocity,232.0061263
HIP 14810,1,1.31998,174,textures/sol.png,03.11.14.23,+21.05.50.5,8.51,G,G5V,3,-,-,-,-,
b,0,,0.0692,textures/earth.jpg,-,-,-,-,-,-,,0.018284534,,Radial Velocity,1231.351857
c,0,,0.545,textures/earth.jpg,-,-,-,-,-,-,,0.404739726,,Radial Velocity,405.2733866
d,0,,1.89,textures/earth.jpg,-,-,-,-,-,-,,2.608219178,,Radial Velocity,184.5243246
HD 125612,1,1.0426,177,textures/sol.png,14.20.53.51,-17.28.53.5,8.33,G,G3V,3,-,-,-,-,
b,0,,1.37,textures/earth.jpg,-,-,-,-,-,-,,1.53260274,,Radial Velocity,975.0772547
c,0,,0.05,textures/earth.jpg,-,-,-,-,-,-,,0.01138274,,Radial Velocity,18.45456183
d,0,,4.2,textures/earth.jpg,-,-,-,-,-,-,,8.24109589,,Radial Velocity,
HD 207832,1,0.901,177,textures/sol.png,21.52.36.0,-26.01.36,8.79,G,G5V,2,-,-,-,-,
b,0,,0.57,textures/earth.jpg,-,-,-,-,-,-,,0.443753425,,Radial Velocity,179.3045046
c,0,,2.112,textures/earth.jpg,-,-,-,-,-,-,,3.16630137,,Radial Velocity,232.0995644
HD 183263,1,1.11717,180,textures/sol.png,19.28.24.57,+08.21.30.0,7.86,G,G2IV,2,-,-,-,-,
b,0,,1.52,textures/earth.jpg,-,-,-,-,-,-,,1.737616438,,Radial Velocity,1136.019587
c,0,,4.25,textures/earth.jpg,-,-,-,-,-,-,,8.082191781,,Radial Velocity,1104.876737
HD 177830,1,3.99397,193,textures/sol.png,19.05.20.77,+25.55.14.4,7.18,K,K0IV,2,-,-,-,-,
b,0,,1.2218,textures/earth.jpg,-,-,-,-,-,-,,1.113972603,,Radial Velocity,419.4130476
c,0,,0.5137,textures/earth.jpg,-,-,-,-,-,-,,0.303835616,,Radial Velocity,
HD 109271,1,,202,textures/sol.png,12.33.36.0,-11.37.19,8.05,G,G5,2,-,-,-,-,
b,0,,0.079,textures/earth.jpg,-,-,-,-,-,-,,0.02151863,,Radial Velocity,
c,0,,0.196,textures/earth.jpg,-,-,-,-,-,-,,0.084739726,,Radial Velocity,
HD 108874,1,1.12115,204,textures/sol.png,12.30.26.88,+22.52.47.4,8.74,G,G5V,2,-,-,-,-,
b,0,,1.053,textures/earth.jpg,-,-,-,-,-,-,,1.080767123,,Radial Velocity,410.0469921
c,0,,2.77,textures/earth.jpg,-,-,-,-,-,-,,4.602739726,,Radial Velocity,326.8330687
HD 74156,1,1.345,210,textures/sol.png,08.42.25.12,+04.34.41.2,7.61,G,G0IV,2,-,-,-,-,
b,0,,0.294,textures/earth.jpg,-,-,-,-,-,-,,0.141506849,,Radial Velocity,563.622335
c,0,,3.85,textures/earth.jpg,-,-,-,-,-,-,,6.783561644,,Radial Velocity,2620.91918
Kepler-37,1,0.77,215,textures/sol.png,18.58.23.1,+44.31.05,9.77,G,G,3,-,-,-,-,
b,0,0.027,0.1003,textures/earth.jpg,-,-,-,-,-,-,,0.036622762,88.63,Transit,
c,0,0.066,0.1368,textures/earth.jpg,-,-,-,-,-,-,,0.058361332,89.07,Transit,
d,0,0.178,0.2076,textures/earth.jpg,-,-,-,-,-,-,,0.10901969,89.335,Transit,
HD 200964,1,3.80029,223,textures/sol.png,21.06.39.84,+03.48.11.2,6.49,K,K0III,2,-,-,-,-,
b,0,,1.601,textures/earth.jpg,-,-,-,-,-,-,,1.681643836,,Radial Velocity,619.3387652
c,0,,1.95,textures/earth.jpg,-,-,-,-,-,-,,2.260273973,,Radial Velocity,300.5661614
HD 163607,1,1.69594,225,textures/sol.png,17.53.40,+56.23.31,8.15,G,G5IV,2,-,-,-,-,
b,0,,0.36,textures/earth.jpg,-,-,-,-,-,-,,0.206273973,,Radial Velocity,244.3555264
c,0,,2.42,textures/earth.jpg,-,-,-,-,-,-,,3.6,,Radial Velocity,728.5628
24 Sextantis,1,3.92062,253,textures/sol.png,10.23.28.37,-00.54.08.1,6.44,G,G5III,2,-,-,-,-,
b,0,,1.333,textures/earth.jpg,-,-,-,-,-,-,,1.240547945,,Radial Velocity,583.3968846
c,0,,2.08,textures/earth.jpg,-,-,-,-,-,-,,2.419178082,,Radial Velocity,482.1786502
HAT-P-17,1,0.837,295,textures/sol.png,21.38.08.73,+30.29.19.4,10.54,K,K0V,2,-,-,-,-,
b,0,1.01,0.0882,textures/earth.jpg,-,-,-,-,-,-,,0.028324721,89.2,Transit,168.4930191
c,0,,5.6,textures/earth.jpg,-,-,-,-,-,-,,15.29863014,,Radial Velocity,
HD 73526,1,1.45542,328,textures/sol.png,08.37.16.48,-41.19.08.8,9,G,G6V,2,-,-,-,-,
b,0,,0.66,textures/earth.jpg,-,-,-,-,-,-,,0.515890411,,Radial Velocity,907.5571156
c,0,,1.05,textures/earth.jpg,-,-,-,-,-,-,,1.035068493,,Radial Velocity,769.4022346
HD 16031,1,,362,textures/sol.png,02.34.11,-12.23.03,9.76,F,F2V,2,-,-,-,-,
b,0,,,,,,,,,,,,,,
c,0,,,,,,,,,,,,,,
HD 47536,1,,402,textures/sol.png,06.37.47.62,-32.20.23.0,5.26,K,K1III,2,-,-,-,-,
b,0,,,textures/earth.jpg,-,-,-,-,-,-,,1.178082192,,Radial Velocity,
c,0,,,textures/earth.jpg,-,-,-,-,-,-,,6.849315068,,Radial Velocity,
Kepler-68,1,1.243,440,textures/sol.png,04.25.29.0,+49.02.25.0,,,,3,-,-,-,-,
b,0,0.206,0.0617,textures/earth.jpg,-,-,-,-,-,-,,0.014791132,87.6,Transit,8.321392337
c,0,0.085,0.09059,textures/earth.jpg,-,-,-,-,-,-,,0.026315301,86.93,Transit,4.81237913
d,0,,1.4,textures/earth.jpg,-,-,-,-,-,-,,1.589041096,,Radial Velocity,268.6862949
COROT-7,1,0.87,489,textures/sol.png,06.43.49.47,-01.03.46.9,11.73,K,K0V,2,-,-,-,-,
b,0,0.15,0.0172,textures/earth.jpg,-,-,-,-,-,-,,0.002338589,80.1,Transit,5.021470679
c,0,,0.046,textures/earth.jpg,-,-,-,-,-,-,,0.010131507,,Radial Velocity,
Kepler-10,1,1.056,564,textures/sol.png,19.02.33.06,+50.14.28.7,10.96,G,G5V,2,-,-,-,-,
b,0,0.126,0.01684,textures/earth.jpg,-,-,-,-,-,-,,0.002294507,84.4,Transit,
c,0,0.199,0.2407,textures/earth.jpg,-,-,-,-,-,-,,0.124095479,89.65,Transit,
HAT-P-13,1,1.56,698,textures/sol.png,08.39.31.81,+47.21.07.3,10.62,G,G4,2,-,-,-,-,
b,0,1.271,0.0427,textures/earth.jpg,-,-,-,-,-,-,,0.007989753,83.4,Transit,272.3942613
c,0,,1.188,textures/earth.jpg,-,-,-,-,-,-,,1.173972603,,Radial Velocity,4535.115918
HD 102272,1,12.7057,796,textures/sol.png,11.46.23.54,+14.07.26.3,8.71,K,K2III,2,-,-,-,-,
b,0,,0.614,textures/earth.jpg,-,-,-,-,-,-,,0.349534247,,Radial Velocity,1305.9021
c,0,,1.57,textures/earth.jpg,-,-,-,-,-,-,,1.424657534,,Radial Velocity,
Kepler-20,1,0.944,950,textures/sol.png,19.10.47.524,+42.20.19.30,12.51,G,G8,5,-,-,-,-,
b,0,0.17,0.04537,textures/earth.jpg,-,-,-,-,-,-,,0.010126361,86.5,Transit,
c,0,0.274,0.093,textures/earth.jpg,-,-,-,-,-,-,,0.029737238,88.39,Transit,
d,0,0.245,0.3453,textures/earth.jpg,-,-,-,-,-,-,,0.212635178,89.57,Transit,
e,0,0.077,0.063351,textures/earth.jpg,-,-,-,-,-,-,,0.0167082,87.5,Transit,
f,0,0.092,0.137859,textures/earth.jpg,-,-,-,-,-,-,,0.053635781,88.68,Transit,
PSR B1257+12,1,,980,textures/sol.png,13.00.03.58,+12.40.56.5,24.31,,pulsar,3,-,-,-,-,
b,0,,0.19,textures/earth.jpg,-,-,-,-,-,-,,0.069210959,,Pulsar Timing,4.299804499
c,0,,0.36,textures/earth.jpg,-,-,-,-,-,-,,0.182306575,53,Pulsar Timing,4.300217661
d,0,,0.46,textures/earth.jpg,-,-,-,-,-,-,,0.269072329,47,Pulsar Timing,3.900213674
KOI-500,1,,1100,textures/sol.png,19.44.27.0,+39.58.44,15,,,5,-,-,-,-,
b,0,,,,,,,,,,,,,,
c,0,,,,,,,,,,,,,,
d,0,,,,,,,,,,,,,,
e,0,,,,,,,,,,,,,,
f,0,,,,,,,,,,,,,,
Kepler-62,1,0.64,1200,textures/sol.png,18.52.51.0,+45.20.60,13.75,K,K2V,5,-,-,-,-,
b,0,0.117,0.0553,textures/earth.jpg,-,-,-,-,-,-,,0.015657348,89.2,Transit,
c,0,0.048,0.0929,textures/earth.jpg,-,-,-,-,-,-,,0.034086849,89.7,Transit,
d,0,0.174,0.12,textures/earth.jpg,-,-,-,-,-,-,,0.049764548,89.7,Transit,
e,0,0.144,0.427,textures/earth.jpg,-,-,-,-,-,-,,0.335307945,89.98,Transit,
f,0,0.126,0.718,textures/earth.jpg,-,-,-,-,-,-,,0.73230411,89.9,Transit,
Kepler-32,1,0.53,1301,textures/sol.png,19.51.22.0,+46.34.27,16,M,M1V,5,-,-,-,-,
b,0,0.196,0.05,textures/earth.jpg,-,-,-,-,-,-,,0.016167781,,Transit,
c,0,0.178,0.09,textures/earth.jpg,-,-,-,-,-,-,,0.02397863,,Transit,
d,0,0.241,0.128,textures/earth.jpg,-,-,-,-,-,-,,0.062411507,,Transit,
e,0,0.134,0.0323,textures/earth.jpg,-,-,-,-,-,-,,0.007934247,,Transit,
f,0,0.072,0.013,textures/earth.jpg,-,-,-,-,-,-,,0.002035507,,Transit,
NN Serpentis,1,,1593,textures/sol.png,15.52.56.13,+12.54.44.7,16.67,,WD+M,2,-,-,-,-,
c,0,,5.38,textures/earth.jpg,-,-,-,-,-,-,,15.50684932,,Eclipse Timing Variations,712.223848
d,0,,3.39,textures/earth.jpg,-,-,-,-,-,-,,7.753424658,,Eclipse Timing Variations,204.2356287
Kepler-11,1,1.065,1999,textures/sol.png,19.48.27.62,41.54.32.9,13.69,G,G4V,6,-,-,-,-,
b,0,0.161,0.091,textures/earth.jpg,-,-,-,-,-,-,,0.028229863,89.64,transit,
c,0,0.256,0.106,textures/earth.jpg,-,-,-,-,-,-,,0.035682466,89.59,transit,
d,0,0.278,0.155,textures/earth.jpg,-,-,-,-,-,-,,0.062149315,89.67,transit,
e,0,0.374,0.195,textures/earth.jpg,-,-,-,-,-,-,,0.087670137,88.89,transit,
f,0,0.222,0.25,textures/earth.jpg,-,-,-,-,-,-,,0.127914521,89.47,transit,
g,0,0.297,0.466,textures/earth.jpg,-,-,-,-,-,-,,0.324330685,89.87,transit,
Kepler-9,1,1.1,2754,textures/sol.png,19.02.17.76,+38.24.03.2,13.91,G,G2V,3,-,-,-,-,
b,0,0.842,0.14,textures/earth.jpg,-,-,-,-,-,-,,0.052712329,88.55,Transit,
c,0,0.823,0.225,textures/earth.jpg,-,-,-,-,-,-,,0.10660274,88.12,Transit,
d,0,0.146,0.0273,textures/earth.jpg,-,-,-,-,-,-,,0.004363975,,Transit,
Kepler-70,1,,3849,textures/sol.png,19.45.25,+41.05.34,14.87,,sdB,2,-,-,-,-,
b,0,,,,,,,,,,,,,,
c,0,,,,,,,,,,,,,,
OGLE-2006-BLG-109L,1,,4850,textures/sol.png,17.52.35.22,-30.05.15.7,19.87,M,M1V,2,-,-,-,-,
b,0,,2.30586,textures/earth.jpg,-,-,-,-,-,-,,5,,Microlensing,
c,0,,4.8168,textures/earth.jpg,-,-,-,-,-,-,,13.97260274,59,Microlensing,
Kepler-47,1,0.964,4900,textures/sol.png,19.41.11.5,+46.55.13.69,15.178,,,2,-,-,-,-,
b,0,0.27,0.2962,textures/earth.jpg,-,-,-,-,-,-,,0.13570411,89.7,Transit,
c,0,0.411,0.991,textures/earth.jpg,-,-,-,-,-,-,,0.830512329,89.825,Transit,
