OTHERNAME,RSTAR,STAR,COMP,star,R,A,texture,,,,,,,day,PER,I
,rsun,,,,rjupiter,au,,,,,,,,,yrs,deg
,12.0698,11 Com,b,0,,1.17872,textures/earth.jpg,-,-,-,-,-,-,,0.892640557,
,44.65,11 UMi,b,0,,1.53498,textures/earth.jpg,-,-,-,-,-,-,,1.41336352,
,11.38,14 And,b,0,,0.823151,textures/earth.jpg,-,-,-,-,-,-,,0.508813057,
,0.912364,14 Her,b,0,,2.93362,textures/earth.jpg,-,-,-,-,-,-,,4.855408287,
,1.1176,16 Cyg B,b,0,,1.66027,textures/earth.jpg,-,-,-,-,-,-,,2.186220546,
,9,18 Del,b,0,,2.58655,textures/earth.jpg,-,-,-,-,-,-,,2.719565271,
2MASS J10232836-0054079,3.92062,24 Sex,b,0,,1.4118,textures/earth.jpg,-,-,-,-,-,-,,1.246296296,
2MASS J10232836-0054079,3.92062,24 Sex,c,0,,2.24032,textures/earth.jpg,-,-,-,-,-,-,,2.491497429,
2MASS J02365772+2438530,1.02283,30 Ari B,b,0,,0.99475,textures/earth.jpg,-,-,-,-,-,-,,0.917473394,
,34.6101,4 UMa,b,0,,0.876999,textures/earth.jpg,-,-,-,-,-,-,,0.737318937,
,22.04,42 Dra,b,0,,1.16693,textures/earth.jpg,-,-,-,-,-,-,,1.311732328,
,1.11869,47 UMa,b,0,,2.10149,textures/earth.jpg,-,-,-,-,-,-,,2.951466185,
,1.11869,47 UMa,c,0,,3.57197,textures/earth.jpg,-,-,-,-,-,-,,6.546341047,
,1.02451,51 Peg,b,0,,0.0521068,textures/earth.jpg,-,-,-,-,-,-,,0.011583505,
,0.943,55 Cnc,b,0,,0.113377,textures/earth.jpg,-,-,-,-,-,-,,0.040113109,
,0.943,55 Cnc,c,0,,0.237305,textures/earth.jpg,-,-,-,-,-,-,,0.121508413,
,0.943,55 Cnc,d,0,,5.47467,textures/earth.jpg,-,-,-,-,-,-,,13.44039657,
,0.943,55 Cnc,e,0,0.185565,0.0154393,textures/earth.jpg,-,-,-,-,-,-,,0.002016596,83.4
,0.943,55 Cnc,f,0,,0.773567,textures/earth.jpg,-,-,-,-,-,-,,0.715141899,
2MASS J06304711+5809453,5.49553,6 Lyn,b,0,,2.18639,textures/earth.jpg,-,-,-,-,-,-,,2.395051837,
,0.978547,61 Vir,b,0,,0.05006,textures/earth.jpg,-,-,-,-,-,-,,0.011540288,
,0.978547,61 Vir,c,0,,0.216926,textures/earth.jpg,-,-,-,-,-,-,,0.104098048,
,0.978547,61 Vir,d,0,,0.474527,textures/earth.jpg,-,-,-,-,-,-,,0.336790218,
2MASS J06364103-1915210,2.3,7 CMa,b,0,,1.80264,textures/earth.jpg,-,-,-,-,-,-,,2.089024767,
,1.59775,70 Vir,b,0,,0.483601,textures/earth.jpg,-,-,-,-,-,-,,0.319482251,
2MASS J02320943-0102055,10.5,75 Cet,b,0,,1.97678,textures/earth.jpg,-,-,-,-,-,-,,1.894359419,
,15.7275,81 Cet,b,0,,2.28088,textures/earth.jpg,-,-,-,-,-,-,,2.608406155,
Hamal b,13.7883,alpha Ari,b,0,,1.1296,textures/earth.jpg,-,-,-,-,-,-,,1.04040552,
HR 5460,0.91,alpha Cen B,b,0,,0.0418506,textures/earth.jpg,-,-,-,-,-,-,,0.008859053,
,0.725686,BD +14 4559,b,0,,0.775866,textures/earth.jpg,-,-,-,-,-,-,,0.736333317,
,32.9639,BD +20 2457,b,0,,1.04992,textures/earth.jpg,-,-,-,-,-,-,,1.039392493,
,32.9639,BD +20 2457,c,0,,1.45701,textures/earth.jpg,-,-,-,-,-,-,,1.702952182,
2MASS J02425045+4935130,11.7902,BD +48 738,b,0,,1.11234,textures/earth.jpg,-,-,-,-,-,-,,1.074903177,
LTT 3669,1.27853,BD -08 2823,b,0,,0.0558236,textures/earth.jpg,-,-,-,-,-,-,,0.015332292,
LTT 3669,1.27853,BD -08 2823,c,0,,0.679166,textures/earth.jpg,-,-,-,-,-,-,,0.650527241,
TYC 5503-946-1,0.745254,BD -10 3166,b,0,,0.0437823,textures/earth.jpg,-,-,-,-,-,-,,0.009549198,
Pollux,8.15609,beta Gem,b,0,,1.75739,textures/earth.jpg,-,-,-,-,-,-,,1.614380845,
,,beta Pic,b,0,,8.76034,textures/earth.jpg,-,-,-,-,-,-,,19.60069241,88.5
GSC 04804-02268,1.11,CoRoT-1,b,0,1.49,0.0253191,textures/earth.jpg,-,-,-,-,-,-,,0.004131384,85.1
2MASS 19241528+0044461,0.79,CoRoT-10,b,0,0.97,0.105463,textures/earth.jpg,-,-,-,-,-,-,,0.036251561,88.55
2MASS 18424494+0556156,1.37,CoRoT-11,b,0,1.43,0.0440549,textures/earth.jpg,-,-,-,-,-,-,,0.008198204,83.17
2MASS J06430376-0117471,1.116,CoRoT-12,b,0,1.44,0.0401409,textures/earth.jpg,-,-,-,-,-,-,,0.007742922,85.48
2MASS J06505307-0505112,1.01,CoRoT-13,b,0,0.885,0.051069,textures/earth.jpg,-,-,-,-,-,-,,0.011047984,88.02
2MASS J06534181-0532097,1.21,CoRoT-14,b,0,1.09,0.0269122,textures/earth.jpg,-,-,-,-,-,-,,0.004140102,79.6
2MASS J18340592-0600093,1.19,CoRoT-16,b,0,1.17,0.0617874,textures/earth.jpg,-,-,-,-,-,-,,0.01465403,85.01
2MASS 18344782-0636440,1.5121,CoRoT-17,b,0,1.02,0.0480499,textures/earth.jpg,-,-,-,-,-,-,,0.010316716,88.34
2MASS J06324137-0001537,1,CoRoT-18,b,0,1.31,0.0295483,textures/earth.jpg,-,-,-,-,-,-,,0.005202217,86.5
2MASS J06280805-0010144,1.65,CoRoT-19,b,0,1.29,0.0516604,textures/earth.jpg,-,-,-,-,-,-,,0.010669988,88
GSC 00465-01282,0.902,CoRoT-2,b,0,1.466,0.0280884,textures/earth.jpg,-,-,-,-,-,-,,0.004772158,88.08
2MASS J18390782+0421281,1.61,CoRoT-23,b,0,1.05,0.0483417,textures/earth.jpg,-,-,-,-,-,-,,0.00994217,85.7
2MASS 19281326+0007185,1.56,CoRoT-3,b,0,1.01,0.0573788,textures/earth.jpg,-,-,-,-,-,-,,0.011654732,85.9
GSC 04800-02187,1.17,CoRoT-4,b,0,1.19,0.0903166,textures/earth.jpg,-,-,-,-,-,-,,0.025194378,90
USNO-B1.0 0908-00103649,1.186,CoRoT-5,b,0,1.388,0.0496334,textures/earth.jpg,-,-,-,-,-,-,,0.011055393,85.83
2MASS J18441740+0639474,1.025,CoRoT-6,b,0,1.166,0.0854177,textures/earth.jpg,-,-,-,-,-,-,,0.024330685,89.07
2MASS 06434947-0103468,0.87,CoRoT-7,b,0,0.1498,0.0171897,textures/earth.jpg,-,-,-,-,-,-,,0.002337038,80.1
2MASS  J19262124+0125352,0.77,CoRoT-8,b,0,0.57,0.0633825,textures/earth.jpg,-,-,-,-,-,-,,0.017008686,88.4
2MASS J18430881+0612150,0.94,CoRoT-9,b,0,1.05,0.406991,textures/earth.jpg,-,-,-,-,-,-,,0.26085102,89.99
,29.1175,epsilon CrB,b,0,,1.23696,textures/earth.jpg,-,-,-,-,-,-,,1.144172281,
,0.74,epsilon Eri,b,0,,3.37558,textures/earth.jpg,-,-,-,-,-,-,,6.844773157,
,3.51559,epsilon Ret,b,0,,1.19471,textures/earth.jpg,-,-,-,-,-,-,,1.172098955,
,12.752,epsilon Tau,b,0,,1.93647,textures/earth.jpg,-,-,-,-,-,-,,1.628782275,
alpha PsA,1.842,Fomalhaut,b,0,1.2,113.443,textures/earth.jpg,-,-,-,-,-,-,,872.0186244,
,5.01,gamma Cep,b,0,,1.9793,textures/earth.jpg,-,-,-,-,-,-,,2.479379443,
41 Leo A,27.4346,gamma Leo A,b,0,,1.29554,textures/earth.jpg,-,-,-,-,-,-,,1.173194119,
NLTT 44431,0.211,GJ 1214,b,0,0.2389,0.0143253,textures/earth.jpg,-,-,-,-,-,-,,0.004327005,90
2MASS J04091567-5322254,,GJ 163,b,0,,0.0606753,textures/earth.jpg,-,-,-,-,-,-,,0.023630895,
2MASS J04091567-5322254,,GJ 163,c,0,,0.125354,textures/earth.jpg,-,-,-,-,-,-,,0.070174202,
2MASS J04091567-5322254,,GJ 163,d,0,,1.03037,textures/earth.jpg,-,-,-,-,-,-,,1.653563475,
,,GJ 176,b,0,,0.0656822,textures/earth.jpg,-,-,-,-,-,-,,0.024047605,
,,GJ 179,b,0,,2.41241,textures/earth.jpg,-,-,-,-,-,-,,6.264336393,
LHS 2037,,GJ 317,b,0,,0.953818,textures/earth.jpg,-,-,-,-,-,-,,1.897097383,
2MASS J08550761+0132472,,GJ 328,b,0,,4.43476,textures/earth.jpg,-,-,-,-,-,-,,11.22542798,
2MASS J07590587+1523294,0.503,GJ 3470,b,0,0.374365,0.0356123,textures/earth.jpg,-,-,-,-,-,-,,0.009136787,90
2MASS J10583513-3108382,0.43,GJ 3634,b,0,,0.0286881,textures/earth.jpg,-,-,-,-,-,-,,0.00724344,
2MASS J11352695-3232232,,GJ 433,b,0,,0.0580371,textures/earth.jpg,-,-,-,-,-,-,,0.020180855,
,0.464,GJ 436,b,0,0.3767,0.0287188,textures/earth.jpg,-,-,-,-,-,-,,0.007238621,86.36
59 Vir A,0.912273,GJ 504,b,0,,,textures/earth.jpg,-,-,-,-,-,-,,,
,0.299,GJ 581,b,0,,0.0406125,textures/earth.jpg,-,-,-,-,-,-,,0.014698877,
,0.299,GJ 581,c,0,,0.0729238,textures/earth.jpg,-,-,-,-,-,-,,0.035368859,
,0.299,GJ 581,d,0,,0.217717,textures/earth.jpg,-,-,-,-,-,-,,0.182454273,
,0.299,GJ 581,e,0,,0.028459,textures/earth.jpg,-,-,-,-,-,-,,0.008622908,
,,GJ 649,b,0,,1.13179,textures/earth.jpg,-,-,-,-,-,-,,1.638091112,
2MASS J17185868-3459483,,GJ 667 C,b,0,,0.0504235,textures/earth.jpg,-,-,-,-,-,-,,0.019710209,
2MASS J17185868-3459483,,GJ 667 C,c,0,,0.125092,textures/earth.jpg,-,-,-,-,-,-,,0.077017388,
,,GJ 674,b,0,,0.0386657,textures/earth.jpg,-,-,-,-,-,-,,0.012851198,
2MASS J17301119-5138132,,GJ 676 A,b,0,,1.81539,textures/earth.jpg,-,-,-,-,-,-,,2.893422509,
,,GJ 832,b,0,,3.4032,textures/earth.jpg,-,-,-,-,-,-,,9.352698042,
2MASS J22094029-0438267,,GJ 849,b,0,,2.35317,textures/earth.jpg,-,-,-,-,-,-,,5.152745233,
HD 13445,0.748264,GJ 86,b,0,,0.114217,textures/earth.jpg,-,-,-,-,-,-,,0.043162893,
2MASS J22531672-1415489,,GJ 876,b,0,,0.208098,textures/earth.jpg,-,-,-,-,-,-,,0.167331705,
,,GJ 876,c,0,,0.129574,textures/earth.jpg,-,-,-,-,-,-,,0.082378488,
,,GJ 876,d,0,,0.0208066,textures/earth.jpg,-,-,-,-,-,-,,0.005305466,
2MASS J22531672-1415489,,GJ 876,e,0,,0.333345,textures/earth.jpg,-,-,-,-,-,-,,0.340212605,
ADS 16402B,1.135,HAT-P-1,b,0,1.242,0.0553326,textures/earth.jpg,-,-,-,-,-,-,,0.012225568,86.11
,0.75,HAT-P-11,b,0,0.422,0.0525443,textures/earth.jpg,-,-,-,-,-,-,,0.013382397,88.5
,0.701,HAT-P-12,b,0,0.959,0.0383737,textures/earth.jpg,-,-,-,-,-,-,,0.008797066,89
,1.56,HAT-P-13,b,0,1.281,0.0426946,textures/earth.jpg,-,-,-,-,-,-,,0.007984428,83.4
,1.56,HAT-P-13,c,0,,1.22574,textures/earth.jpg,-,-,-,-,-,-,,1.221846767,
2MASS  J17202788+3814317,1.468,HAT-P-14,b,0,1.15,0.0606258,textures/earth.jpg,-,-,-,-,-,-,,0.012670138,83.5
2MASS J04245952+3927382,1.08,HAT-P-15,b,0,1.072,0.0964692,textures/earth.jpg,-,-,-,-,-,-,,0.029743283,89.1
2MASS J00381756+4227470,1.237,HAT-P-16,b,0,1.289,0.0413275,textures/earth.jpg,-,-,-,-,-,-,,0.007600327,86.6
2MASS J21380873+3029193,0.837,HAT-P-17,b,0,1.01,0.0882385,textures/earth.jpg,-,-,-,-,-,-,,0.028305938,89.2
2MASS J17052315+3300450,0.749,HAT-P-18,b,0,0.995,0.0559503,textures/earth.jpg,-,-,-,-,-,-,,0.015080467,88.8
2MASS J00380401+3442416,0.82,HAT-P-19,b,0,1.132,0.0466409,textures/earth.jpg,-,-,-,-,-,-,,0.01097567,88.2
HD 147506,1.506,HAT-P-2,b,0,1.157,0.0679088,textures/earth.jpg,-,-,-,-,-,-,,0.015423938,86.72
2MASS J07273995+2420118,0.694,HAT-P-20,b,0,0.867,0.03616,textures/earth.jpg,-,-,-,-,-,-,,0.007872357,86.8
2MASS J11250598+4101406,1.105,HAT-P-21,b,0,1.024,0.0494951,textures/earth.jpg,-,-,-,-,-,-,,0.011292455,87.2
2MASS J10224361+5007420,1.04,HAT-P-22,b,0,1.08,0.0414094,textures/earth.jpg,-,-,-,-,-,-,,0.008794767,86.9
2MASS J20242972+1645437,1.203,HAT-P-23,b,0,1.368,0.0231971,textures/earth.jpg,-,-,-,-,-,-,,0.003320766,85.1
2MASS J07151801+1415453,1.317,HAT-P-24,b,0,1.242,0.0465021,textures/earth.jpg,-,-,-,-,-,-,,0.009186343,88.6
2MASS J03134450+2511506,0.959,HAT-P-25,b,0,1.19,0.0465813,textures/earth.jpg,-,-,-,-,-,-,,0.010001134,87.6
2MASS J14123753+0403359,0.788,HAT-P-26,b,0,0.565,0.0478684,textures/earth.jpg,-,-,-,-,-,-,,0.011593721,88.6
WASP-40,0.87,HAT-P-27,b,0,1.02,0.0399488,textures/earth.jpg,-,-,-,-,-,-,,0.008322086,85
2MASS J00520018+3443422,1.103,HAT-P-28,b,0,1.212,0.0433674,textures/earth.jpg,-,-,-,-,-,-,,0.008917959,88
2MASS J02123147+5146435,1.224,HAT-P-29,b,0,1.107,0.0666842,textures/earth.jpg,-,-,-,-,-,-,,0.015669564,87.1
GSC 0346-00819,0.833,HAT-P-3,b,0,0.899,0.0388252,textures/earth.jpg,-,-,-,-,-,-,,0.007939124,87.24
WASP-51,1.215,HAT-P-30,b,0,1.34,0.0419042,textures/earth.jpg,-,-,-,-,-,-,,0.007695154,83.6
2MASS J18060904+2625359,1.36,HAT-P-31,b,0,1.07,0.0611921,textures/earth.jpg,-,-,-,-,-,-,,0.013704399,87.1
2MASS J02041028+4641162,1.387,HAT-P-32,b,0,2.037,0.0344203,textures/earth.jpg,-,-,-,-,-,-,,0.00588653,88.7
2MASS J07324421+3350061,1.777,HAT-P-33,b,0,1.827,0.0502683,textures/earth.jpg,-,-,-,-,-,-,,0.009512795,86.7
2MASS J20124688+1806175,1.197,HAT-P-34,b,0,1.197,0.0677467,textures/earth.jpg,-,-,-,-,-,-,,0.014928872,87.1
2MASS J08130018+0447132,1.435,HAT-P-35,b,0,1.332,0.0497734,textures/earth.jpg,-,-,-,-,-,-,,0.00998435,87.3
2MASS J12330390+4454552,1.096,HAT-P-36,b,0,1.264,0.0238229,textures/earth.jpg,-,-,-,-,-,-,,0.003634156,86
2MASS J18571105+5116088,0.877,HAT-P-37,b,0,1.178,0.0379273,textures/earth.jpg,-,-,-,-,-,-,,0.007658918,86.9
2MASS 02213197+3214461,0.923,HAT-P-38,b,0,0.825,0.0522992,textures/earth.jpg,-,-,-,-,-,-,,0.012704945,88.3
,1.625,HAT-P-39,b,0,1.571,0.0509456,textures/earth.jpg,-,-,-,-,-,-,,0.009702794,87
GSC 0259-01599,1.596,HAT-P-4,b,0,1.274,0.0443853,textures/earth.jpg,-,-,-,-,-,-,,0.008368518,89.91
,2.206,HAT-P-40,b,0,1.73,0.060845,textures/earth.jpg,-,-,-,-,-,-,,0.012203527,88.3
,1.683,HAT-P-41,b,0,1.685,0.0425775,textures/earth.jpg,-,-,-,-,-,-,,0.007376056,87.7
GSC 02634-01087,1.165,HAT-P-5,b,0,1.254,0.0407152,textures/earth.jpg,-,-,-,-,-,-,,0.007634635,86.75
GSC 03239-00992,1.46,HAT-P-6,b,0,1.33,0.0523738,textures/earth.jpg,-,-,-,-,-,-,,0.010549123,85.51
GSC 03547-01402,1.981,HAT-P-7,b,0,1.363,0.037964,textures/earth.jpg,-,-,-,-,-,-,,0.00603637,83.111
GSC 02757-01152,1.58,HAT-P-8,b,0,1.5,0.0449613,textures/earth.jpg,-,-,-,-,-,-,,0.008422732,87.8
,1.32,HAT-P-9,b,0,1.4,0.0528645,textures/earth.jpg,-,-,-,-,-,-,,0.010740517,86.5
2MASS J11420608-2321174,1.038,HATS-1,b,0,1.302,0.0444708,textures/earth.jpg,-,-,-,-,-,-,,0.009436092,85.6
,0.898,HATS-2,b,0,1.168,0.0229834,textures/earth.jpg,-,-,-,-,-,-,,0.003707493,87.2
2MASS J11350375+2026295,9.3,HD 100655,b,0,,0.682908,textures/earth.jpg,-,-,-,-,-,-,,0.431412363,
,1.07881,HD 100777,b,0,,1.03378,textures/earth.jpg,-,-,-,-,-,-,,1.050535812,
2MASS J01375356-6030414,1.10851,HD 10180,c,0,,0.0641175,textures/earth.jpg,-,-,-,-,-,-,,0.015769317,
2MASS J01375356-6030414,1.10851,HD 10180,d,0,,0.128581,textures/earth.jpg,-,-,-,-,-,-,,0.04478316,
2MASS J01375356-6030414,1.10851,HD 10180,e,0,,0.269917,textures/earth.jpg,-,-,-,-,-,-,,0.136202772,
2MASS J01375356-6030414,1.10851,HD 10180,f,0,,0.49279,textures/earth.jpg,-,-,-,-,-,-,,0.335996225,
2MASS J01375356-6030414,1.10851,HD 10180,g,0,,1.42271,textures/earth.jpg,-,-,-,-,-,-,,1.648221376,
2MASS J01375356-6030414,1.10851,HD 10180,h,0,,3.42452,textures/earth.jpg,-,-,-,-,-,-,,6.154820023,
,1.19859,HD 101930,b,0,,0.302019,textures/earth.jpg,-,-,-,-,-,-,,0.192913084,
,1.13334,HD 102117,b,0,,0.152077,textures/earth.jpg,-,-,-,-,-,-,,0.056984927,
,0.937994,HD 102195,b,0,,0.0479747,textures/earth.jpg,-,-,-,-,-,-,,0.011263143,
,12.7057,HD 102272,b,0,,0.512595,textures/earth.jpg,-,-,-,-,-,-,,0.349302464,
2MASS J11464664+0328273,7.27206,HD 102329,b,0,,1.80892,textures/earth.jpg,-,-,-,-,-,-,,2.130367197,
2MASS J11463107-4030013,0.828702,HD 102365,b,0,,0.463328,textures/earth.jpg,-,-,-,-,-,-,,0.334298721,
2MASS J11512253+5738267,3.42909,HD 102956,b,0,,0.0810025,textures/earth.jpg,-,-,-,-,-,-,,0.017782173,
2MASS J11525298-5017342,1.01561,HD 103197,b,0,,0.249018,textures/earth.jpg,-,-,-,-,-,-,,0.130981579,
2MASS J11590999-2021129,0.858425,HD 104067,b,0,,0.264333,textures/earth.jpg,-,-,-,-,-,-,,0.152791764,
2MASS J12051510+7654205,7.09522,HD 104985,b,0,,0.678014,textures/earth.jpg,-,-,-,-,-,-,,0.546226587,
,1.12257,HD 106252,b,0,,2.61147,textures/earth.jpg,-,-,-,-,-,-,,4.191739081,
2MASS J12133728-0930482,2.66147,HD 106270,b,0,,4.37827,textures/earth.jpg,-,-,-,-,-,-,,7.912557769,
,1.18569,HD 10647,b,0,,2.02175,textures/earth.jpg,-,-,-,-,-,-,,2.746122991,
109 Psc,1.54131,HD 10697,b,0,,2.13177,textures/earth.jpg,-,-,-,-,-,-,,2.943800039,
,1.04161,HD 107148,b,0,,0.270013,textures/earth.jpg,-,-,-,-,-,-,,0.131572968,
,1.29703,HD 108147,b,0,,0.101407,textures/earth.jpg,-,-,-,-,-,-,,0.029839104,
2MASS J12301991+2156537,7.27656,HD 108863,b,0,,1.45325,textures/earth.jpg,-,-,-,-,-,-,,1.213988967,
,1.12115,HD 108874,b,0,,1.03527,textures/earth.jpg,-,-,-,-,-,-,,1.080053841,
,1.12115,HD 108874,c,0,,2.72021,textures/earth.jpg,-,-,-,-,-,-,,4.60073755,
2MASS J12320721+7429223,1.00892,HD 109246,b,0,,0.328074,textures/earth.jpg,-,-,-,-,-,-,,0.186917065,
,1.10733,HD 109749,b,0,,0.0629198,textures/earth.jpg,-,-,-,-,-,-,,0.014346645,
,0.874998,HD 111232,b,0,,1.97489,textures/earth.jpg,-,-,-,-,-,-,,3.129430287,
,0.637212,HD 114386,b,0,,1.72685,textures/earth.jpg,-,-,-,-,-,-,,2.567337543,
,1.46377,HD 114729,b,0,,2.10235,textures/earth.jpg,-,-,-,-,-,-,,3.050030919,
,0.859205,HD 114762,b,0,,0.362932,textures/earth.jpg,-,-,-,-,-,-,,0.22975193,
,0.837785,HD 114783,b,0,,1.15987,textures/earth.jpg,-,-,-,-,-,-,,1.351705803,
,1.26275,HD 11506,b,0,,2.60488,textures/earth.jpg,-,-,-,-,-,-,,3.846762514,
2MASS J13203954+2438555,5.04235,HD 116029,b,0,,1.64869,textures/earth.jpg,-,-,-,-,-,-,,1.834399206,
,0.951872,HD 117207,b,0,,3.73753,textures/earth.jpg,-,-,-,-,-,-,,7.110350355,
,1.16537,HD 117618,b,0,,0.174852,textures/earth.jpg,-,-,-,-,-,-,,0.070711983,
,2.14975,HD 118203,b,0,,0.0702997,textures/earth.jpg,-,-,-,-,-,-,,0.016792966,
,1.76025,HD 11964,b,0,,3.1288,textures/earth.jpg,-,-,-,-,-,-,,5.324110426,
,1.76025,HD 11964,c,0,,0.226601,textures/earth.jpg,-,-,-,-,-,-,,0.103794836,
,8.14661,HD 11977,b,0,,2.063,textures/earth.jpg,-,-,-,-,-,-,,1.946653486,
2MASS J13423920+7803521,10.9537,HD 120084,b,0,,4.26892,textures/earth.jpg,-,-,-,-,-,-,,5.700327085,
,0.844267,HD 121504,b,0,,0.328688,textures/earth.jpg,-,-,-,-,-,-,,0.173391799,
GJ 3021,0.858011,HD 1237,b,0,,0.494668,textures/earth.jpg,-,-,-,-,-,-,,0.366085875,
2MASS J14212322-4023382,1.03336,HD 125595,b,0,,0.0809437,textures/earth.jpg,-,-,-,-,-,-,,0.026485713,
,1.0426,HD 125612,b,0,,1.3728,textures/earth.jpg,-,-,-,-,-,-,,1.531599775,
,1.0426,HD 125612,c,0,,0.0522124,textures/earth.jpg,-,-,-,-,-,-,,0.011375301,
,1.06782,HD 12661,b,0,,0.838172,textures/earth.jpg,-,-,-,-,-,-,,0.719272337,
,1.06782,HD 12661,c,0,,2.91927,textures/earth.jpg,-,-,-,-,-,-,,4.676023757,
,1.10978,HD 126614 A,b,0,,2.36847,textures/earth.jpg,-,-,-,-,-,-,,3.405959123,
,0.58322,HD 128311,b,0,,1.08649,textures/earth.jpg,-,-,-,-,-,-,,1.243558387,
,0.58322,HD 128311,c,0,,1.74533,textures/earth.jpg,-,-,-,-,-,-,,2.529280577,
,0.986573,HD 130322,b,0,,0.0896052,textures/earth.jpg,-,-,-,-,-,-,,0.029318901,
2MASS J14532303+1814074,4.56407,HD 131496,b,0,,2.1121,textures/earth.jpg,-,-,-,-,-,-,,2.417573879,
,1.06217,HD 131664,b,0,,3.17098,textures/earth.jpg,-,-,-,-,-,-,,5.341660972,
,32.3233,HD 13189,b,0,,1.25186,textures/earth.jpg,-,-,-,-,-,-,,1.291198008,
,,HD 132406,b,0,,1.98227,textures/earth.jpg,-,-,-,-,-,-,,2.666723622,
,,HD 132563 B,b,0,,2.62431,textures/earth.jpg,-,-,-,-,-,-,,4.227331902,
,1.16572,HD 134987,b,0,,0.807929,textures/earth.jpg,-,-,-,-,-,-,,0.706873413,
,1.16572,HD 134987,c,0,,5.82513,textures/earth.jpg,-,-,-,-,-,-,,13.68954631,
,1.75082,HD 136118,b,0,,2.33328,textures/earth.jpg,-,-,-,-,-,-,,3.250719668,
,3.83357,HD 136418,b,0,,1.29111,textures/earth.jpg,-,-,-,-,-,-,,1.271211271,
2MASS J15353994-8012164,0.97784,HD 137388,b,0,,0.88883,textures/earth.jpg,-,-,-,-,-,-,,0.903510057,
,1.22417,HD 13931,b,0,,5.14931,textures/earth.jpg,-,-,-,-,-,-,,11.54850127,
,7.76389,HD 139357,b,0,,2.34618,textures/earth.jpg,-,-,-,-,-,-,,3.082064457,
,1.06384,HD 141937,b,0,,1.50087,textures/earth.jpg,-,-,-,-,-,-,,1.788457006,
2MASS J00061921-4904307,1.5121,HD 142,b,0,,1.04292,textures/earth.jpg,-,-,-,-,-,-,,0.959089615,
,1.09856,HD 142022,b,0,,2.93163,textures/earth.jpg,-,-,-,-,-,-,,5.278689059,
2MASS J15525629+1525507,4.51552,HD 142245,b,0,,2.77628,textures/earth.jpg,-,-,-,-,-,-,,3.556544132,
,1.11902,HD 142415,b,0,,1.06061,textures/earth.jpg,-,-,-,-,-,-,,1.057654321,
,,HD 143361,b,0,,2.03474,textures/earth.jpg,-,-,-,-,-,-,,2.973369459,
,1.00052,HD 145377,b,0,,0.450064,textures/earth.jpg,-,-,-,-,-,-,,0.284605668,
2MASS J16100392+2644336,9.54834,HD 145457,b,0,,0.762504,textures/earth.jpg,-,-,-,-,-,-,,0.482693403,
,1.12553,HD 1461,b,0,,0.0635202,textures/earth.jpg,-,-,-,-,-,-,,0.015805129,
,1.05268,HD 147018,b,0,,0.238855,textures/earth.jpg,-,-,-,-,-,-,,0.121114154,
,1.05268,HD 147018,c,0,,1.92274,textures/earth.jpg,-,-,-,-,-,-,,2.759812537,
,0.850084,HD 147513,b,0,,1.30958,textures/earth.jpg,-,-,-,-,-,-,,1.446711309,
2MASS J16281729-4619034,0.965665,HD 148156,b,0,,2.12913,textures/earth.jpg,-,-,-,-,-,-,,2.811832813,
,3.92268,HD 148427,b,0,,1.03886,textures/earth.jpg,-,-,-,-,-,-,,0.907616921,
,1.368,HD 149026,b,0,0.654,0.0431325,textures/earth.jpg,-,-,-,-,-,-,,0.007873929,84.55
,1.71219,HD 149143,b,0,,0.0530508,textures/earth.jpg,-,-,-,-,-,-,,0.011148767,
2MASS J00191704+1403172,4.48335,HD 1502,b,0,,1.27206,textures/earth.jpg,-,-,-,-,-,-,,1.18222922,
2MASS J16534357+1158255,3.809,HD 152581,b,0,,1.48938,textures/earth.jpg,-,-,-,-,-,-,,1.886419482,
,1.15135,HD 153950,b,0,,1.28031,textures/earth.jpg,-,-,-,-,-,-,,1.367311886,
,1,HD 154345,b,0,,4.21377,textures/earth.jpg,-,-,-,-,-,-,,9.148884791,
,1.31501,HD 154672,b,0,,0.598618,textures/earth.jpg,-,-,-,-,-,-,,0.448852845,
,1.7603,HD 154857,b,0,,1.29206,textures/earth.jpg,-,-,-,-,-,-,,1.119804888,
,1.49875,HD 155358,b,0,,0.626938,textures/earth.jpg,-,-,-,-,-,-,,0.53197577,
,1.49875,HD 155358,c,0,,1.00082,textures/earth.jpg,-,-,-,-,-,-,,1.07298664,
2MASS J17122319+6321074,0.958138,HD 156279,b,0,,0.494507,textures/earth.jpg,-,-,-,-,-,-,,0.358803009,
2MASS J17195139-4832576,1.85525,HD 156411,b,0,,1.87545,textures/earth.jpg,-,-,-,-,-,-,,2.305867181,
,0.728691,HD 156668,b,0,,0.0499846,textures/earth.jpg,-,-,-,-,-,-,,0.012718957,
,1.58242,HD 156846,b,0,,1.11751,textures/earth.jpg,-,-,-,-,-,-,,0.984305786,
2MASS J17254543+2718118,5.30151,HD 158038,b,0,,1.49788,textures/earth.jpg,-,-,-,-,-,-,,1.426450726,
,1.84825,HD 159868,b,0,,2.29553,textures/earth.jpg,-,-,-,-,-,-,,3.226352275,
,1.84825,HD 159868,c,0,,1.02595,textures/earth.jpg,-,-,-,-,-,-,,0.964565433,
79 Cet,2.05,HD 16141,b,0,,0.355656,textures/earth.jpg,-,-,-,-,-,-,,0.206775121,
,1.19707,HD 16175,b,0,,2.1185,textures/earth.jpg,-,-,-,-,-,-,,2.71053017,
,0.526361,HD 162020,b,0,,0.0756944,textures/earth.jpg,-,-,-,-,-,-,,0.023075641,
2MASS J17534049+5623309,1.69594,HD 163607,b,0,,0.359201,textures/earth.jpg,-,-,-,-,-,-,,0.206137188,
2MASS J17534049+5623309,1.69594,HD 163607,c,0,,2.41789,textures/earth.jpg,-,-,-,-,-,-,,3.597612771,
,1.45645,HD 16417,b,0,,0.135435,textures/earth.jpg,-,-,-,-,-,-,,0.047201556,
2MASS J18013121+0006163,1.05601,HD 164509,b,0,,0.877542,textures/earth.jpg,-,-,-,-,-,-,,0.773185576,
,,HD 164604,b,0,,1.30299,textures/earth.jpg,-,-,-,-,-,-,,1.660268177,
,0.899472,HD 164922,b,0,,2.10091,textures/earth.jpg,-,-,-,-,-,-,,3.162285199,
2MASS J18103166+5417114,4.21565,HD 167042,b,0,,1.29371,textures/earth.jpg,-,-,-,-,-,-,,1.15203008,
,0.909718,HD 16760,b,0,,1.08727,textures/earth.jpg,-,-,-,-,-,-,,1.273401598,
,1.58859,HD 168443,b,0,,0.29385,textures/earth.jpg,-,-,-,-,-,-,,0.15910667,
,1.58859,HD 168443,c,0,,2.85281,textures/earth.jpg,-,-,-,-,-,-,,4.790875765,
,0.888361,HD 168746,b,0,,0.0655505,textures/earth.jpg,-,-,-,-,-,-,,0.017533571,
2MASS J00211332-0816521,21.1524,HD 1690,b,0,,1.36191,textures/earth.jpg,-,-,-,-,-,-,,1.459305637,
,1.80318,HD 169830,b,0,,0.813279,textures/earth.jpg,-,-,-,-,-,-,,0.617727088,
,1.80318,HD 169830,c,0,,3.60184,textures/earth.jpg,-,-,-,-,-,-,,5.75508527,
,1.22117,HD 170469,b,0,,2.23538,textures/earth.jpg,-,-,-,-,-,-,,3.134906106,
,11.8,HD 17092,b,0,,1.30798,textures/earth.jpg,-,-,-,-,-,-,,0.985373516,
BD +06 3833,2.14418,HD 171028,b,0,,1.31895,textures/earth.jpg,-,-,-,-,-,-,,1.505850095,
,1.05059,HD 171238,b,0,,2.54268,textures/earth.jpg,-,-,-,-,-,-,,4.169835807,
,1.507,HD 17156,b,0,1.02,0.163197,textures/earth.jpg,-,-,-,-,-,-,,0.058089208,87.816
,14.3919,HD 173416,b,0,,1.16272,textures/earth.jpg,-,-,-,-,-,-,,0.885987437,
2MASS J19000083-6956393,,HD 175167,b,0,,2.40085,textures/earth.jpg,-,-,-,-,-,-,,3.531902949,
,3.07498,HD 175541,b,0,,0.961227,textures/earth.jpg,-,-,-,-,-,-,,0.813980424,
,3.99397,HD 177830,b,0,,1.13872,textures/earth.jpg,-,-,-,-,-,-,,1.122816589,
,0.894377,HD 178911 B,b,0,,0.344904,textures/earth.jpg,-,-,-,-,-,-,,0.195716706,
,1.33814,HD 179079,b,0,,0.119635,textures/earth.jpg,-,-,-,-,-,-,,0.039633974,
,1.22645,HD 179949,b,0,,0.0439208,textures/earth.jpg,-,-,-,-,-,-,,0.008467023,
2MASS J19145022+3151371,7.38571,HD 180314,b,0,,1.45528,textures/earth.jpg,-,-,-,-,-,-,,1.084294205,
,3.85021,HD 180902,b,0,,1.38103,textures/earth.jpg,-,-,-,-,-,-,,1.311458537,
,4.76324,HD 181342,b,0,,1.777,textures/earth.jpg,-,-,-,-,-,-,,1.815233841,
,1.00831,HD 181433,b,0,,0.0800943,textures/earth.jpg,-,-,-,-,-,-,,0.025665983,
,1.00831,HD 181433,c,0,,1.75604,textures/earth.jpg,-,-,-,-,-,-,,2.633868711,
,1.00831,HD 181433,d,0,,3.02208,textures/earth.jpg,-,-,-,-,-,-,,5.946738919,
,1.2465,HD 181720,b,0,,1.84741,textures/earth.jpg,-,-,-,-,-,-,,2.617441255,
,1.11717,HD 183263,b,0,,1.49006,textures/earth.jpg,-,-,-,-,-,-,,1.71534396,
,1.11717,HD 183263,c,0,,4.29488,textures/earth.jpg,-,-,-,-,-,-,,8.3944298,
,2.59,HD 185269,b,0,,0.0765701,textures/earth.jpg,-,-,-,-,-,-,,0.018721414,
,1.31178,HD 187085,b,0,,2.02754,textures/earth.jpg,-,-,-,-,-,-,,2.699578533,
,1.14277,HD 187123,b,0,,0.042091,textures/earth.jpg,-,-,-,-,-,-,,0.008478163,
,1.14277,HD 187123,c,0,,4.83146,textures/earth.jpg,-,-,-,-,-,-,,10.41958051,
2MASS J03001065-2048091,5.60612,HD 18742,b,0,,1.97816,textures/earth.jpg,-,-,-,-,-,-,,2.113665951,
,1.03281,HD 188015,b,0,,1.19018,textures/earth.jpg,-,-,-,-,-,-,,1.262723752,
,0.756,HD 189733,b,0,1.138,0.0309953,textures/earth.jpg,-,-,-,-,-,-,,0.006074259,85.71
,1.73503,HD 190228,b,0,,2.60478,textures/earth.jpg,-,-,-,-,-,-,,3.110538713,
GJ 777 A,1.07528,HD 190360,b,0,,3.97285,textures/earth.jpg,-,-,-,-,-,-,,7.98110653,
GJ 777 A,1.07528,HD 190360,c,0,,0.129216,textures/earth.jpg,-,-,-,-,-,-,,0.046848439,
,1.42287,HD 190647,b,0,,2.07238,textures/earth.jpg,-,-,-,-,-,-,,2.842223606,
,0.7401,HD 192263,b,0,,0.152945,textures/earth.jpg,-,-,-,-,-,-,,0.066683423,
2MASS J20151734-2701585,0.847025,HD 192310,b,0,,0.322307,textures/earth.jpg,-,-,-,-,-,-,,0.20457658,
2MASS J20151734-2701585,0.847025,HD 192310,c,0,,1.18358,textures/earth.jpg,-,-,-,-,-,-,,1.43959269,
2MASS J20160600+0434509,3.61317,HD 192699,b,0,,1.12292,textures/earth.jpg,-,-,-,-,-,-,,0.946029788,
,1.34728,HD 195019,b,0,,0.136688,textures/earth.jpg,-,-,-,-,-,-,,0.049833563,
,1.31321,HD 196050,b,0,,2.51056,textures/earth.jpg,-,-,-,-,-,-,,3.772838964,
,1.29927,HD 196885,b,0,,2.54171,textures/earth.jpg,-,-,-,-,-,-,,3.649633047,
2MASS J20393296+4214549,1.09866,HD 197037,b,0,,2.07477,textures/earth.jpg,-,-,-,-,-,-,,2.835652623,
,1.40403,HD 19994,b,0,,1.30567,textures/earth.jpg,-,-,-,-,-,-,,1.276413298,
2MASS J21063983+0348110,3.80029,HD 200964,b,0,,1.64347,textures/earth.jpg,-,-,-,-,-,-,,1.680528705,
2MASS J21063983+0348110,3.80029,HD 200964,c,0,,2.00121,textures/earth.jpg,-,-,-,-,-,-,,2.258775142,
,0.985786,HD 202206,b,0,,0.811776,textures/earth.jpg,-,-,-,-,-,-,,0.700548843,
,0.985786,HD 202206,c,0,,2.49004,textures/earth.jpg,-,-,-,-,-,-,,3.787623674,
,1.1465,HD 2039,b,0,,2.19755,textures/earth.jpg,-,-,-,-,-,-,,3.066458374,
,1.12584,HD 204313,b,0,,3.07131,textures/earth.jpg,-,-,-,-,-,-,,5.257059575,
,,HD 204313,d,0,,3.94498,textures/earth.jpg,-,-,-,-,-,-,,7.752663868,
2MASS J21322353-2057264,0.850124,HD 204941,b,0,,2.55427,textures/earth.jpg,-,-,-,-,-,-,,4.744796752,
,1.46292,HD 205739,b,0,,0.894939,textures/earth.jpg,-,-,-,-,-,-,,0.766067012,
,4.98482,HD 206610,b,0,,1.53703,textures/earth.jpg,-,-,-,-,-,-,,1.67012465,
,1.12933,HD 20782,b,0,,1.36607,textures/earth.jpg,-,-,-,-,-,-,,1.620568493,
2MASS J21523626-2601352,0.901,HD 207832,b,0,,0.569755,textures/earth.jpg,-,-,-,-,-,-,,0.443459163,
2MASS J21523626-2601352,0.901,HD 207832,c,0,,2.1118,textures/earth.jpg,-,-,-,-,-,-,,3.164201735,
2MASS J03195563-4304112,1.22683,HD 20794,b,0,,0.120738,textures/earth.jpg,-,-,-,-,-,-,,0.050144808,
2MASS J03195563-4304112,1.22683,HD 20794,c,0,,0.203628,textures/earth.jpg,-,-,-,-,-,-,,0.109828492,90
2MASS J03195563-4304112,1.22683,HD 20794,d,0,,0.349781,textures/earth.jpg,-,-,-,-,-,-,,0.247257848,90
,1.20627,HD 208487,b,0,,0.520765,textures/earth.jpg,-,-,-,-,-,-,,0.356147237,
2MASS J21562398+2114233,41.0489,HD 208527,b,0,,2.099,textures/earth.jpg,-,-,-,-,-,-,,2.39703956,
,1.15581,HD 20868,b,0,,0.947319,textures/earth.jpg,-,-,-,-,-,-,,1.042732743,
,1.155,HD 209458,b,0,1.359,0.047235,textures/earth.jpg,-,-,-,-,-,-,,0.009650442,86.71
,0.939154,HD 210277,b,0,,1.13105,textures/earth.jpg,-,-,-,-,-,-,,1.210676097,
2MASS J22115133+1602260,5.17,HD 210702,b,0,,1.17218,textures/earth.jpg,-,-,-,-,-,-,,0.970013873,
,,HD 212301,b,0,,0.034116,textures/earth.jpg,-,-,-,-,-,-,,0.006148564,
,4.00571,HD 212771,b,0,,1.16471,textures/earth.jpg,-,-,-,-,-,-,,1.022061528,
,1.3947,HD 213240,b,0,,1.88529,textures/earth.jpg,-,-,-,-,-,-,,2.416752506,
,1.10659,HD 215497,b,0,,0.0465952,textures/earth.jpg,-,-,-,-,-,-,,0.010771045,
,1.10659,HD 215497,c,0,,1.28243,textures/earth.jpg,-,-,-,-,-,-,,1.554968187,
rho Ind,1.36865,HD 216437,b,0,,2.48556,textures/earth.jpg,-,-,-,-,-,-,,3.704391233,
,1.03957,HD 216770,b,0,,0.455837,textures/earth.jpg,-,-,-,-,-,-,,0.324305352,
,1.5,HD 217107,b,0,,0.0750282,textures/earth.jpg,-,-,-,-,-,-,,0.019512576,
,1.5,HD 217107,c,0,,5.33414,textures/earth.jpg,-,-,-,-,-,-,,11.69087255,
2MASS J23030822-0025465,1.15058,HD 217786,b,0,,2.3791,textures/earth.jpg,-,-,-,-,-,-,,3.611302318,
2MASS J23091067-0215385,0.590728,HD 218566,b,0,,0.687282,textures/earth.jpg,-,-,-,-,-,-,,0.617946121,
,1.4682,HD 219828,b,0,,0.0515012,textures/earth.jpg,-,-,-,-,-,-,,0.010495775,
2MASS J23201439+6158123,54.7067,HD 220074,b,0,,1.60044,textures/earth.jpg,-,-,-,-,-,-,,1.840148816,
2MASS J23262744+0838376,1.35144,HD 220773,b,0,,4.94302,textures/earth.jpg,-,-,-,-,-,-,,10.19789063,
,1.10236,HD 221287,b,0,,1.25015,textures/earth.jpg,-,-,-,-,-,-,,1.248760442,
,1.67,HD 222155,b,0,,5.13864,textures/earth.jpg,-,-,-,-,-,-,,10.94889914,
,1.13737,HD 222582,b,0,,1.33658,textures/earth.jpg,-,-,-,-,-,-,,1.567124504,
,1.17028,HD 224693,b,0,,0.192441,textures/earth.jpg,-,-,-,-,-,-,,0.073184315,
2MASS J03404953+3149345,0.720445,HD 22781,b,0,,1.16847,textures/earth.jpg,-,-,-,-,-,-,,1.445807744,
,1.16249,HD 23079,b,0,,1.59509,textures/earth.jpg,-,-,-,-,-,-,,2.000316507,
,1.51172,HD 23127,b,0,,2.31864,textures/earth.jpg,-,-,-,-,-,-,,3.323821845,
,1.24116,HD 231701,b,0,,0.555583,textures/earth.jpg,-,-,-,-,-,-,,0.387687979,
,1.96615,HD 23596,b,0,,2.77219,textures/earth.jpg,-,-,-,-,-,-,,4.273876359,
,17.2701,HD 240210,b,0,,1.33364,textures/earth.jpg,-,-,-,-,-,-,,1.373745973,
2MASS J23173569+6038580,,HD 240237,b,0,,1.91887,textures/earth.jpg,-,-,-,-,-,-,,2.041658937,
,1.15444,HD 24040,b,0,,4.92406,textures/earth.jpg,-,-,-,-,-,-,,10.04265118,
2MASS J03554943-6511122,1.06877,HD 25171,b,0,,3.03064,textures/earth.jpg,-,-,-,-,-,-,,5.05144259,
,1.1428,HD 2638,b,0,,0.0435743,textures/earth.jpg,-,-,-,-,-,-,,0.009429907,
,1.20255,HD 27894,b,0,,0.122117,textures/earth.jpg,-,-,-,-,-,-,,0.049257723,
,1.00685,HD 28185,b,0,,1.02341,textures/earth.jpg,-,-,-,-,-,-,,1.037667611,
2MASS J04245071-5037196,1.56874,HD 28254,b,0,,2.14768,textures/earth.jpg,-,-,-,-,-,-,,3.055506737,
2MASS J04312544+0434309,6.33673,HD 28678,b,0,,1.31659,textures/earth.jpg,-,-,-,-,-,-,,1.059844676,
2MASS J05232156-0216391,0.997399,HD 290327,b,0,,3.43052,textures/earth.jpg,-,-,-,-,-,-,,6.688712329,
2MASS J00331038+5453419,11.4311,HD 2952,b,0,,1.22755,textures/earth.jpg,-,-,-,-,-,-,,0.853132526,
,1.21235,HD 30177,b,0,,3.80821,textures/earth.jpg,-,-,-,-,-,-,,7.584008658,
,1.39121,HD 30562,b,0,,2.34083,textures/earth.jpg,-,-,-,-,-,-,,3.167761017,
2MASS J04501787-2422077,5.5698,HD 30856,b,0,,2.04004,textures/earth.jpg,-,-,-,-,-,-,,2.496973248,
2MASS J04544364+1221079,1.64612,HD 31253,b,0,,1.26054,textures/earth.jpg,-,-,-,-,-,-,,1.275865716,
,24.3641,HD 32518,b,0,,0.595162,textures/earth.jpg,-,-,-,-,-,-,,0.431330225,
,1.20726,HD 330075,b,0,,0.0392074,textures/earth.jpg,-,-,-,-,-,-,,0.009275297,
2MASS J05073553-1359113,4.29546,HD 33142,b,0,,1.09038,textures/earth.jpg,-,-,-,-,-,-,,0.894201165,
,1.45431,HD 33283,b,0,,0.145378,textures/earth.jpg,-,-,-,-,-,-,,0.049772455,
,,HD 33564,b,0,,1.1241,textures/earth.jpg,-,-,-,-,-,-,,1.062308794,
,1.03374,HD 33636,b,0,,3.26519,textures/earth.jpg,-,-,-,-,-,-,,5.825449538,
,1.39357,HD 34445,b,0,,2.06642,textures/earth.jpg,-,-,-,-,-,-,,2.872066817,
54 Psc,0.934685,HD 3651,b,0,,0.29472,textures/earth.jpg,-,-,-,-,-,-,,0.170347239,
,0.772275,HD 37124,b,0,,0.533637,textures/earth.jpg,-,-,-,-,-,-,,0.422672956,
,0.772275,HD 37124,c,0,,1.70993,textures/earth.jpg,-,-,-,-,-,-,,2.424418652,
,0.772275,HD 37124,d,0,,2.80658,textures/earth.jpg,-,-,-,-,-,-,,5.097987047,
,0.916831,HD 37605,b,0,,0.283337,textures/earth.jpg,-,-,-,-,-,-,,0.150620794,
,0.916831,HD 37605,c,0,,3.81754,textures/earth.jpg,-,-,-,-,-,-,,7.447113195,
2MASS J05370199-7341574,1.50465,HD 38283,b,0,,1.02382,textures/earth.jpg,-,-,-,-,-,-,,0.994408644,
,2.02418,HD 38529,b,0,,0.1272,textures/earth.jpg,-,-,-,-,-,-,,0.039180015,
,2.02418,HD 38529,c,0,,3.6002,textures/earth.jpg,-,-,-,-,-,-,,5.875690995,
,2.24501,HD 38801,b,0,,1.6471,textures/earth.jpg,-,-,-,-,-,-,,1.90640622,
pi Men,1.14999,HD 39091,b,0,,3.34651,textures/earth.jpg,-,-,-,-,-,-,,5.889242824,
,0.839223,HD 40307,b,0,,0.0468927,textures/earth.jpg,-,-,-,-,-,-,,0.011804496,
,0.839223,HD 40307,c,0,,0.0800702,textures/earth.jpg,-,-,-,-,-,-,,0.026338687,
,0.839223,HD 40307,d,0,,0.132422,textures/earth.jpg,-,-,-,-,-,-,,0.056017624,
,1.27973,HD 40979,b,0,,0.846038,textures/earth.jpg,-,-,-,-,-,-,,0.723218732,
,,HD 41004 B,b,0,,0.0176759,textures/earth.jpg,-,-,-,-,-,-,,0.003636765,
,1.07428,HD 4113,b,0,,1.27266,textures/earth.jpg,-,-,-,-,-,-,,1.441837776,
,1.15783,HD 4203,b,0,,1.16537,textures/earth.jpg,-,-,-,-,-,-,,1.182448252,
,0.876501,HD 4208,b,0,,1.65355,textures/earth.jpg,-,-,-,-,-,-,,2.26698887,
,0.82259,HD 4308,b,0,,0.119192,textures/earth.jpg,-,-,-,-,-,-,,0.042601868,
,4.11574,HD 4313,b,0,,1.13327,textures/earth.jpg,-,-,-,-,-,-,,0.974695698,
2MASS J06133564-2953503,1.19673,HD 43197,b,0,,0.918027,textures/earth.jpg,-,-,-,-,-,-,,0.897486656,
,1.34586,HD 43691,b,0,,0.241901,textures/earth.jpg,-,-,-,-,-,-,,0.101193124,
2MASS J06201431-1043300,1.36324,HD 44219,b,0,,1.18713,textures/earth.jpg,-,-,-,-,-,-,,1.293114545,
,1.18013,HD 45350,b,0,,1.94413,textures/earth.jpg,-,-,-,-,-,-,,2.638249366,
,1.02464,HD 45364,b,0,,0.68156,textures/earth.jpg,-,-,-,-,-,-,,0.621313749,
,1.02464,HD 45364,c,0,,0.897549,textures/earth.jpg,-,-,-,-,-,-,,0.938692191,
,1.13465,HD 45652,b,0,,0.227878,textures/earth.jpg,-,-,-,-,-,-,,0.119372844,
,0.863012,HD 46375,b,0,,0.0399038,textures/earth.jpg,-,-,-,-,-,-,,0.008278269,
,1.13117,HD 47186,b,0,,0.0498411,textures/earth.jpg,-,-,-,-,-,-,,0.01118299,
,1.13117,HD 47186,c,0,,2.38704,textures/earth.jpg,-,-,-,-,-,-,,3.706033978,
2MASS J00491393-2408119,5.55146,HD 4732,b,0,,1.19218,textures/earth.jpg,-,-,-,-,-,-,,0.986194916,
2MASS J00491393-2408119,5.55146,HD 4732,c,0,,4.60219,textures/earth.jpg,-,-,-,-,-,-,,7.479968106,
,,HD 48265,b,0,,1.59435,textures/earth.jpg,-,-,-,-,-,-,,2.086286858,
,0.889525,HD 49674,b,0,,0.0571073,textures/earth.jpg,-,-,-,-,-,-,,0.01354545,
,1.18426,HD 50499,b,0,,3.87172,textures/earth.jpg,-,-,-,-,-,-,,6.729429694,
,1.25271,HD 50554,b,0,,2.26097,textures/earth.jpg,-,-,-,-,-,-,,3.351200938,
,1.34703,HD 52265,b,0,,0.499878,textures/earth.jpg,-,-,-,-,-,-,,0.326605196,
,4.9902,HD 5319,b,0,,1.63515,textures/earth.jpg,-,-,-,-,-,-,,1.846993534,
,1.29538,HD 5388,b,0,,1.76349,textures/earth.jpg,-,-,-,-,-,-,,2.127355497,
2MASS J00581422+3357031,5.5,HD 5608,b,0,,1.98519,textures/earth.jpg,-,-,-,-,-,-,,2.170066882,
2MASS J01003319+2017330,11.8348,HD 5891,b,0,,0.636168,textures/earth.jpg,-,-,-,-,-,-,,0.48491111,
,2.35065,HD 60532,b,0,,0.759258,textures/earth.jpg,-,-,-,-,-,-,,0.551141135,
,2.35065,HD 60532,c,0,,1.57999,textures/earth.jpg,-,-,-,-,-,-,,1.653697195,
Pollux,8.15609,HD 62509,b,0,,1.75739,textures/earth.jpg,-,-,-,-,-,-,,1.614380845,
,1.15809,HD 63454,b,0,,0.0362523,textures/earth.jpg,-,-,-,-,-,-,,0.007715562,
2MASS J07474972-5415509,0.975102,HD 63765,b,0,,0.94038,textures/earth.jpg,-,-,-,-,-,-,,0.980171516,
,0.80278,HD 6434,b,0,,0.142061,textures/earth.jpg,-,-,-,-,-,-,,0.060228525,
,0.88536,HD 65216,b,0,,1.37427,textures/earth.jpg,-,-,-,-,-,-,,1.678612114,
,0.979625,HD 66428,b,0,,3.14259,textures/earth.jpg,-,-,-,-,-,-,,5.401894975,
2MASS J01074866-0814012,0.956629,HD 6718,b,0,,3.55427,textures/earth.jpg,-,-,-,-,-,-,,6.83382152,
,1.10962,HD 68988,b,0,,0.0692771,textures/earth.jpg,-,-,-,-,-,-,,0.017186158,
,0.921634,HD 69830,b,0,,0.0781916,textures/earth.jpg,-,-,-,-,-,-,,0.023729459,
,0.921634,HD 69830,c,0,,0.185072,textures/earth.jpg,-,-,-,-,-,-,,0.086408414,
,0.921634,HD 69830,d,0,,0.627426,textures/earth.jpg,-,-,-,-,-,-,,0.539368125,
,1.03139,HD 70642,b,0,,3.18072,textures/earth.jpg,-,-,-,-,-,-,,5.661996355,
2MASS J01104719-6611171,1.11756,HD 7199,b,0,,1.36155,textures/earth.jpg,-,-,-,-,-,-,,1.683814197,
,1.34287,HD 72659,b,0,,4.75375,textures/earth.jpg,-,-,-,-,-,-,,10.01527208,
,1.21851,HD 73256,b,0,,0.0371348,textures/earth.jpg,-,-,-,-,-,-,,0.006977781,
,1.16642,HD 73267,b,0,,2.19849,textures/earth.jpg,-,-,-,-,-,-,,3.449765671,
,1.45542,HD 73526,b,0,,0.646509,textures/earth.jpg,-,-,-,-,-,-,,0.515548314,
,1.45542,HD 73526,c,0,,1.02831,textures/earth.jpg,-,-,-,-,-,-,,1.034382119,
,2.90137,HD 73534,b,0,,3.0184,textures/earth.jpg,-,-,-,-,-,-,,4.846099395,
,1.345,HD 74156,b,0,,0.291535,textures/earth.jpg,-,-,-,-,-,-,,0.141380159,
,1.345,HD 74156,c,0,,3.8997,textures/earth.jpg,-,-,-,-,-,-,,6.899531342,
2MASS J01142933-0502504,0.952526,HD 7449,b,0,,2.33982,textures/earth.jpg,-,-,-,-,-,-,,3.49083431,
,1.23372,HD 75289,b,0,,0.047858,textures/earth.jpg,-,-,-,-,-,-,,0.009608055,
,1.54576,HD 75898,b,0,,1.18906,textures/earth.jpg,-,-,-,-,-,-,,1.144993681,
,1.2353,HD 76700,b,0,,0.0511051,textures/earth.jpg,-,-,-,-,-,-,,0.010872156,
2MASS J09011248-2531371,0.88,HD 77338,b,0,,0.0612143,textures/earth.jpg,-,-,-,-,-,-,,0.015704921,
,0.763424,HD 7924,b,0,,0.0566409,textures/earth.jpg,-,-,-,-,-,-,,0.014778687,
2MASS J09150941+2322323,1.12815,HD 79498,b,0,,3.13296,textures/earth.jpg,-,-,-,-,-,-,,5.383003402,
,0.98,HD 80606,b,0,1.029,0.447343,textures/earth.jpg,-,-,-,-,-,-,,0.305103573,89.285
,0.918818,HD 81040,b,0,,1.9372,textures/earth.jpg,-,-,-,-,-,-,,2.742563709,
,20.8234,HD 81688,b,0,,0.811148,textures/earth.jpg,-,-,-,-,-,-,,0.503830063,
2MASS J09354518+3446506,3.83685,HD 82886,b,0,,1.58126,textures/earth.jpg,-,-,-,-,-,-,,1.93022603,
,1.09738,HD 82943,b,0,,1.183,textures/earth.jpg,-,-,-,-,-,-,,1.207965567,
,1.09738,HD 82943,c,0,,0.742817,textures/earth.jpg,-,-,-,-,-,-,,0.600971083,
,0.942509,HD 83443,b,0,,0.0404623,textures/earth.jpg,-,-,-,-,-,-,,0.00817457,
2MASS J01233723-4116113,1.0437,HD 8535,b,0,,2.4447,textures/earth.jpg,-,-,-,-,-,-,,3.594874862,
2MASS J09500249-4947250,0.958233,HD 85390,b,0,,1.52377,textures/earth.jpg,-,-,-,-,-,-,,2.157472499,
2MASS J09510700-4330097,0.881928,HD 85512,b,0,,0.260405,textures/earth.jpg,-,-,-,-,-,-,,0.159976038,90
,1.42266,HD 8574,b,0,,0.757141,textures/earth.jpg,-,-,-,-,-,-,,0.621505403,
,1.18909,HD 86081,b,0,,0.0346186,textures/earth.jpg,-,-,-,-,-,-,,0.005852281,
,1.49917,HD 86264,b,0,,2.84117,textures/earth.jpg,-,-,-,-,-,-,,4.038416163,
,0.778353,HD 87883,b,0,,3.57648,textures/earth.jpg,-,-,-,-,-,-,,7.54020211,
,1.94267,HD 88133,b,0,,0.0469104,textures/earth.jpg,-,-,-,-,-,-,,0.009352342,
,1.15051,HD 89307,b,0,,3.26609,textures/earth.jpg,-,-,-,-,-,-,,5.930311463,
,2.02329,HD 89744,b,0,,0.902604,textures/earth.jpg,-,-,-,-,-,-,,0.70304034,
2MASS J10235528-2938441,0.920961,HD 90156,b,0,,0.249855,textures/earth.jpg,-,-,-,-,-,-,,0.136265744,
,0.813756,HD 92788,b,0,,0.951142,textures/earth.jpg,-,-,-,-,-,-,,0.892038217,
,1.14863,HD 93083,b,0,,0.476549,textures/earth.jpg,-,-,-,-,-,-,,0.393109012,
,0.919448,HD 9446,b,0,,0.189213,textures/earth.jpg,-,-,-,-,-,-,,0.082279649,
,0.919448,HD 9446,c,0,,0.65375,textures/earth.jpg,-,-,-,-,-,-,,0.528142697,
,4.34001,HD 95089,b,0,,1.38575,textures/earth.jpg,-,-,-,-,-,-,,1.388119996,
2MASS J11044445-0230475,3.66196,HD 96063,b,0,,1.11312,textures/earth.jpg,-,-,-,-,-,-,,0.988659035,
2MASS J11054595+4418054,23.2289,HD 96127,b,0,,1.42112,textures/earth.jpg,-,-,-,-,-,-,,1.772248666,
,1.98284,HD 96167,b,0,,1.34724,textures/earth.jpg,-,-,-,-,-,-,,1.365942931,
2MASS J11143316+2542374,0.703,HD 97658,b,0,0.208761,0.0796373,textures/earth.jpg,-,-,-,-,-,-,,0.025985223,89.45
2MASS J11174756-2358315,2.95355,HD 98219,b,0,,1.32398,textures/earth.jpg,-,-,-,-,-,-,,1.196192557,
,0.973205,HD 99109,b,0,,1.10806,textures/earth.jpg,-,-,-,-,-,-,,1.202763539,
83 Leo B,0.630794,HD 99492,b,0,,0.121908,textures/earth.jpg,-,-,-,-,-,-,,0.046662461,
2MASS J11283020+4357597,5.26341,HD 99706,b,0,,2.13423,textures/earth.jpg,-,-,-,-,-,-,,2.37650524,
2MASS J02464286-2305119,,HIP 12961,b,0,,0.25497,textures/earth.jpg,-,-,-,-,-,-,,0.157251819,
,1.31998,HIP 14810,b,0,,0.0692271,textures/earth.jpg,-,-,-,-,-,-,,0.01827242,
,1.31998,HIP 14810,c,0,,0.545404,textures/earth.jpg,-,-,-,-,-,-,,0.404578552,
,1.31998,HIP 14810,d,0,,1.88623,textures/earth.jpg,-,-,-,-,-,-,,2.602920781,
BD -17 0063,1.07261,HIP 2247,b,0,,1.33884,textures/earth.jpg,-,-,-,-,-,-,,1.794973313,
2MASS J01060202-2227111,0.986271,HIP 5158,b,0,,0.887919,textures/earth.jpg,-,-,-,-,-,-,,0.94654999,
2MASS J11414471+4245072,,HIP 57050,b,0,,0.163506,textures/earth.jpg,-,-,-,-,-,-,,0.11334123,
2MASS J11444095+3057339,0.68,HIP 57274,b,0,,0.0712798,textures/earth.jpg,-,-,-,-,-,-,,0.022273439,
2MASS J11444095+3057339,0.68,HIP 57274,c,0,,0.177758,textures/earth.jpg,-,-,-,-,-,-,,0.087695234,
2MASS J11444095+3057339,0.68,HIP 57274,d,0,,1.00678,textures/earth.jpg,-,-,-,-,-,-,,1.181955429,
,,HIP 79431,b,0,,0.358346,textures/earth.jpg,-,-,-,-,-,-,,0.305824465,
,1.44,HR 8799,b,0,1.2,67.4293,textures/earth.jpg,-,-,-,-,-,-,,449.7098101,
,1.44,HR 8799,c,0,1.2,42.4842,textures/earth.jpg,-,-,-,-,-,-,,224.9055564,
,1.44,HR 8799,d,0,1.37,26.7553,textures/earth.jpg,-,-,-,-,-,-,,112.4021269,
,1.44,HR 8799,e,0,,14.5253,textures/earth.jpg,-,-,-,-,-,-,,44.96194591,
,11.99,iota Dra,b,0,,1.31029,textures/earth.jpg,-,-,-,-,-,-,,1.399339948,
,1.21047,iota Hor,b,0,,0.92376,textures/earth.jpg,-,-,-,-,-,-,,0.829038925,
,5.06,kappa CrB,b,0,,2.71619,textures/earth.jpg,-,-,-,-,-,-,,3.559282042,
,1.828,KELT-2 A,b,0,1.286,0.0549707,textures/earth.jpg,-,-,-,-,-,-,,0.011263187,88.6
2MASS J09543439+4023170,1.482,KELT-3,b,0,1.358,0.0412729,textures/earth.jpg,-,-,-,-,-,-,,0.007401637,84.14
KOI-72,1.056,Kepler-10,b,0,0.126327,0.0167573,textures/earth.jpg,-,-,-,-,-,-,,0.002292985,84.4
KOI-72,1.056,Kepler-10,c,0,0.198671,0.239651,textures/earth.jpg,-,-,-,-,-,-,,0.124013189,89.65
KOI-157,1.065,Kepler-11,b,0,0.1604,0.0914497,textures/earth.jpg,-,-,-,-,-,-,,0.028211143,89.64
KOI-157,1.065,Kepler-11,c,0,0.255816,0.106909,textures/earth.jpg,-,-,-,-,-,-,,0.035658804,89.59
KOI-157,1.065,Kepler-11,d,0,0.2781,0.154764,textures/earth.jpg,-,-,-,-,-,-,,0.062108103,89.67
KOI-157,1.1,Kepler-11,e,0,0.373377,0.19466,textures/earth.jpg,-,-,-,-,-,-,,0.087612001,88.89
KOI-157,1.065,Kepler-11,f,0,0.221888,0.250413,textures/earth.jpg,-,-,-,-,-,-,,0.127829698,89.47
KOI-157,1.1,Kepler-11,g,0,0.296741,0.465624,textures/earth.jpg,-,-,-,-,-,-,,0.324115615,89.87
KOI-20,1.483,Kepler-12,b,0,1.695,0.0556348,textures/earth.jpg,-,-,-,-,-,-,,0.012150742,88.76
KOI-98,2.048,Kepler-14,b,0,1.136,0.0806879,textures/earth.jpg,-,-,-,-,-,-,,0.018590741,90
KOI-128,0.992,Kepler-15,b,0,0.96,0.0571382,textures/earth.jpg,-,-,-,-,-,-,,0.013532889,87.44
KOI-1611,0.6489,Kepler-16,b,0,0.7538,0.646795,textures/earth.jpg,-,-,-,-,-,-,,0.626367929,89.9678
KOI-203,1.05,Kepler-17,b,0,1.33,0.0267923,textures/earth.jpg,-,-,-,-,-,-,,0.004067741,87.22
KOI-137,1.108,Kepler-18,b,0,0.17843,0.0447299,textures/earth.jpg,-,-,-,-,-,-,,0.009595619,84.92
KOI-137,1.108,Kepler-18,c,0,0.489785,0.0752115,textures/earth.jpg,-,-,-,-,-,-,,0.02092198,87.68
KOI-137,1.108,Kepler-18,d,0,0.622714,0.117171,textures/earth.jpg,-,-,-,-,-,-,,0.040682265,88.07
KOI-84,0.85,Kepler-19,b,0,0.197074,0.0845828,textures/earth.jpg,-,-,-,-,-,-,,0.025426948,89.94
KOI-70,0.944,Kepler-20,b,0,0.170247,0.0453704,textures/earth.jpg,-,-,-,-,-,-,,0.010119646,86.5
KOI-70,0.944,Kepler-20,c,0,0.273643,0.0930411,textures/earth.jpg,-,-,-,-,-,-,,0.029717519,88.39
KOI-70,0.944,Kepler-20,d,0,0.24512,0.345324,textures/earth.jpg,-,-,-,-,-,-,,0.212494176,89.57
KOI-70,0.944,Kepler-20,e,0,0.0773688,0.063351,textures/earth.jpg,-,-,-,-,-,-,,0.01669712,87.5
KOI-70,0.944,Kepler-20,f,0,0.0918085,0.137859,textures/earth.jpg,-,-,-,-,-,-,,0.053600214,88.68
KOI-975,1.86,Kepler-21,b,0,0.1459,0.0427173,textures/earth.jpg,-,-,-,-,-,-,,0.007627144,82.58
KOI-87,0.979,Kepler-22,b,0,0.2125,0.848513,textures/earth.jpg,-,-,-,-,-,-,,0.793616676,89.764
KOI-168,1.52,Kepler-23,b,0,0.169356,0.0749015,textures/earth.jpg,-,-,-,-,-,-,,0.019457335,
KOI-168,1.52,Kepler-23,c,0,0.28523,0.0986522,textures/earth.jpg,-,-,-,-,-,-,,0.029410895,
KOI-1102,1.07,Kepler-24,b,0,0.213923,0.0800144,textures/earth.jpg,-,-,-,-,-,-,,0.022301941,
KOI-1102,1.07,Kepler-24,c,0,0.249577,0.105496,textures/earth.jpg,-,-,-,-,-,-,,0.033763349,
KOI-244,1.36,Kepler-25,b,0,0.23175,0.0708678,textures/earth.jpg,-,-,-,-,-,-,,0.017080584,
KOI-244,1.36,Kepler-25,c,0,0.401105,0.113953,textures/earth.jpg,-,-,-,-,-,-,,0.034827189,
KOI-250,0.59,Kepler-26,b,0,,0.0902469,textures/earth.jpg,-,-,-,-,-,-,,0.033627976,
KOI-250,0.59,Kepler-26,c,0,0.320884,0.113189,textures/earth.jpg,-,-,-,-,-,-,,0.04723452,
KOI-841,0.59,Kepler-27,b,0,0.356538,0.10464,textures/earth.jpg,-,-,-,-,-,-,,0.041985291,
KOI-841,0.59,Kepler-27,c,0,0.436759,0.168484,textures/earth.jpg,-,-,-,-,-,-,,0.085781161,
KOI-870,0.7,Kepler-28,b,0,0.320884,0.0581375,textures/earth.jpg,-,-,-,-,-,-,,0.016186875,
KOI-870,0.7,Kepler-28,c,0,0.303057,0.0768547,textures/earth.jpg,-,-,-,-,-,-,,0.02460277,
KOI-738,0.96,Kepler-29,b,0,0.320884,0.0928723,textures/earth.jpg,-,-,-,-,-,-,,0.028303411,
KOI-738,0.96,Kepler-29,c,0,0.25849,0.109809,textures/earth.jpg,-,-,-,-,-,-,,0.036388731,
KOI-806,0.95,Kepler-30,b,0,0.347625,0.185524,textures/earth.jpg,-,-,-,-,-,-,,0.08031383,89.82
KOI-806,0.95,Kepler-30,c,0,1.09635,0.300013,textures/earth.jpg,-,-,-,-,-,-,,0.165159174,89.68
KOI-806,0.95,Kepler-30,d,0,0.784384,0.534239,textures/earth.jpg,-,-,-,-,-,-,,0.392460127,89.84
KOI-935,1.22,Kepler-31,b,0,0.383278,0.158038,textures/earth.jpg,-,-,-,-,-,-,,0.057116347,
KOI-935,1.22,Kepler-31,c,0,0.374365,0.254502,textures/earth.jpg,-,-,-,-,-,-,,0.116722,
KOI-952,0.53,Kepler-32,b,0,0.1963,0.0520435,textures/earth.jpg,-,-,-,-,-,-,,0.01615706,
KOI-952,0.53,Kepler-32,c,0,0.1784,0.0676835,textures/earth.jpg,-,-,-,-,-,-,,0.023962729,
KOI-952,0.53,Kepler-32,d,0,0.240663,0.128069,textures/earth.jpg,-,-,-,-,-,-,,0.062370121,
KOI-952,0.53,Kepler-32,e,0,0.133702,0.0323795,textures/earth.jpg,-,-,-,-,-,-,,0.007928985,
KOI-952,0.53,Kepler-32,f,0,0.0730903,0.0130732,textures/earth.jpg,-,-,-,-,-,-,,0.002034157,
KOI-707,1.82,Kepler-33,b,0,0.155094,0.0677431,textures/earth.jpg,-,-,-,-,-,-,,0.015518278,86.39
KOI-707,1.82,Kepler-33,c,0,0.28523,0.118876,textures/earth.jpg,-,-,-,-,-,-,,0.036073652,88.19
KOI-707,1.82,Kepler-33,d,0,0.477,0.166175,textures/earth.jpg,-,-,-,-,-,-,,0.059620603,88.71
KOI-707,1.82,Kepler-33,e,0,0.358929,0.213825,textures/earth.jpg,-,-,-,-,-,-,,0.087022803,88.94
KOI-707,1.82,Kepler-33,f,0,0.39754,0.253499,textures/earth.jpg,-,-,-,-,-,-,,0.112333734,89.17
KOI-2459,1.1618,Kepler-34,b,0,0.764,0.86856,textures/earth.jpg,-,-,-,-,-,-,,0.790768429,89.645
KOI-2937,1.0284,Kepler-35,b,0,0.728,0.48628,textures/earth.jpg,-,-,-,-,-,-,,0.359920076,89.24
KOI-277,1.626,Kepler-36,b,0,0.132454,0.115423,textures/earth.jpg,-,-,-,-,-,-,,0.037892363,89.52
KOI-277,1.626,Kepler-36,c,0,0.327926,0.128401,textures/earth.jpg,-,-,-,-,-,-,,0.044459676,89.76
KOI-245,0.77,Kepler-37,b,0,0.0270078,0.102457,textures/earth.jpg,-,-,-,-,-,-,,0.036598476,88.63
KOI-245,0.77,Kepler-37,c,0,0.066,0.139784,textures/earth.jpg,-,-,-,-,-,-,,0.058322631,89.07
KOI-245,0.77,Kepler-37,d,0,0.178,0.21202,textures/earth.jpg,-,-,-,-,-,-,,0.108947397,89.335
KOI-1740,1.757,Kepler-38,b,0,0.387735,0.429659,textures/earth.jpg,-,-,-,-,-,-,,0.289109529,89.446
KOI-423,1.39,Kepler-39,b,0,1.22,0.155007,textures/earth.jpg,-,-,-,-,-,-,,0.057735388,88.83
KOI-7,1.487,Kepler-4,b,0,0.357,0.0455763,textures/earth.jpg,-,-,-,-,-,-,,0.008798162,89.76
KOI-428,2.13,Kepler-40,b,0,1.17,0.0806644,textures/earth.jpg,-,-,-,-,-,-,,0.018818992,89.7
KOI-196,0.966,Kepler-41,b,0,0.841,0.0289537,textures/earth.jpg,-,-,-,-,-,-,,0.005080349,88.3
KOI-961,0.17,Kepler-42,b,0,0.0695249,0.0112809,textures/earth.jpg,-,-,-,-,-,-,,0.003323184,
KOI-961,0.17,Kepler-42,c,0,0.0650682,0.00585017,textures/earth.jpg,-,-,-,-,-,-,,0.001241053,
KOI-961,0.17,Kepler-42,d,0,0.0508067,0.0150222,textures/earth.jpg,-,-,-,-,-,-,,0.005106663,
KOI-135,1.42,Kepler-43,b,0,1.2,0.0449294,textures/earth.jpg,-,-,-,-,-,-,,0.008279698,84.35
KOI-204,1.52,Kepler-44,b,0,1.24,0.0454854,textures/earth.jpg,-,-,-,-,-,-,,0.00888928,83.78
KOI-254,0.55,Kepler-45,b,0,0.96,0.0298817,textures/earth.jpg,-,-,-,-,-,-,,0.006722222,87
KOI-872,0.938,Kepler-46,b,0,0.808,0.1969,textures/earth.jpg,-,-,-,-,-,-,,0.09199742,89.038
KOI-872,0.953491,Kepler-46,c,0,,0.280101,textures/earth.jpg,-,-,-,-,-,-,,0.156090945,87.4
KOI-3154,0.964,Kepler-47,b,0,0.265621,0.267621,textures/earth.jpg,-,-,-,-,-,-,,0.135564839,89.59
KOI-3154,0.964,Kepler-47,c,0,0.419091,0.895669,textures/earth.jpg,-,-,-,-,-,-,,0.830019096,89.826
KOI-148,0.89,Kepler-48,b,0,0.190748,0.0534031,textures/earth.jpg,-,-,-,-,-,-,,0.013081677,
KOI-148,0.89,Kepler-48,c,0,0.279882,0.0854683,textures/earth.jpg,-,-,-,-,-,-,,0.026486338,
KOI-248,0.53,Kepler-49,b,0,0.242446,0.0598092,textures/earth.jpg,-,-,-,-,-,-,,0.019723336,
KOI-248,0.53,Kepler-49,c,0,0.227293,0.07889,textures/earth.jpg,-,-,-,-,-,-,,0.029878624,
KOI-18,1.793,Kepler-5,b,0,1.431,0.0506416,textures/earth.jpg,-,-,-,-,-,-,,0.009715362,86.3
KOI-262,1.88,Kepler-50,b,0,0.196096,0.0825598,textures/earth.jpg,-,-,-,-,-,-,,0.02138995,
KOI-262,1.88,Kepler-50,c,0,0.248685,0.0932375,textures/earth.jpg,-,-,-,-,-,-,,0.025671012,
KOI-620,0.91,Kepler-51,b,0,0.628398,0.248169,textures/earth.jpg,-,-,-,-,-,-,,0.123631668,
KOI-620,0.91,Kepler-51,c,0,0.508958,0.379271,textures/earth.jpg,-,-,-,-,-,-,,0.233578887,
KOI-775,0.52,Kepler-52,b,0,0.187182,0.0630945,textures/earth.jpg,-,-,-,-,-,-,,0.021567487,
KOI-775,0.52,Kepler-52,c,0,0.164007,0.10281,textures/earth.jpg,-,-,-,-,-,-,,0.044860649,
KOI-829,0.89,Kepler-53,b,0,0.257599,0.136705,textures/earth.jpg,-,-,-,-,-,-,,0.05105914,
KOI-829,0.89,Kepler-53,c,0,0.282556,0.221868,textures/earth.jpg,-,-,-,-,-,-,,0.105569137,
KOI-886,0.5,Kepler-54,b,0,0.187182,0.0626016,textures/earth.jpg,-,-,-,-,-,-,,0.021933236,
KOI-886,0.5,Kepler-54,c,0,0.109635,0.0822829,textures/earth.jpg,-,-,-,-,-,-,,0.033051287,
KOI-904,0.58,Kepler-55,b,0,0.216597,0.153688,textures/earth.jpg,-,-,-,-,-,-,,0.076519485,
KOI-904,0.58,Kepler-55,c,0,0.196987,0.202122,textures/earth.jpg,-,-,-,-,-,-,,0.115407371,
KOI-1241,3.14,Kepler-56,b,0,0.342276,0.104248,textures/earth.jpg,-,-,-,-,-,-,,0.028757437,
KOI-1241,0.58,Kepler-56,c,0,0.699706,0.167568,textures/earth.jpg,-,-,-,-,-,-,,0.05860508,
KOI-1270,0.73,Kepler-57,b,0,0.195205,0.0588891,textures/earth.jpg,-,-,-,-,-,-,,0.015686357,
KOI-1270,0.73,Kepler-57,c,0,0.138158,0.0942979,textures/earth.jpg,-,-,-,-,-,-,,0.031785091,
KOI-1336,1.03,Kepler-58,b,0,0.247794,0.0905953,textures/earth.jpg,-,-,-,-,-,-,,0.027977313,
KOI-1336,1.03,Kepler-58,c,0,0.254925,0.119982,textures/earth.jpg,-,-,-,-,-,-,,0.042640628,
KOI-1529,0.94,Kepler-59,b,0,0.176486,0.103167,textures/earth.jpg,-,-,-,-,-,-,,0.032493974,
KOI-1529,0.94,Kepler-59,c,0,0.176486,0.136086,textures/earth.jpg,-,-,-,-,-,-,,0.049227947,
KOI-17,1.391,Kepler-6,b,0,1.323,0.0456089,textures/earth.jpg,-,-,-,-,-,-,,0.008856378,86.8
KOI-2086,1.5,Kepler-60,b,0,0.203227,0.0750769,textures/earth.jpg,-,-,-,-,-,-,,0.019525724,
KOI-2086,1.5,Kepler-60,c,0,0.220162,0.0871504,textures/earth.jpg,-,-,-,-,-,-,,0.02442036,
KOI-2086,1.5,Kepler-60,d,0,0.227293,0.105629,textures/earth.jpg,-,-,-,-,-,-,,0.032585548,
KOI-1361,0.62,Kepler-61,b,0,0.191639,0.257458,textures/earth.jpg,-,-,-,-,-,-,,0.163939326,89.8
KOI-701,0.64,Kepler-62,b,0,0.116766,0.0552794,textures/earth.jpg,-,-,-,-,-,-,,0.015646965,89.2
KOI-701,0.64,Kepler-62,c,0,0.0481326,0.0928559,textures/earth.jpg,-,-,-,-,-,-,,0.034064246,89.7
KOI-701,0.64,Kepler-62,d,0,0.173812,0.119499,textures/earth.jpg,-,-,-,-,-,-,,0.049731548,89.7
KOI-701,0.64,Kepler-62,e,0,0.143507,0.426299,textures/earth.jpg,-,-,-,-,-,-,,0.335085596,89.98
KOI-701,0.64,Kepler-62,f,0,0.12568,0.717595,textures/earth.jpg,-,-,-,-,-,-,,0.731818505,89.9
KIC 11295426,1.243,Kepler-68,b,0,0.205901,0.061775,textures/earth.jpg,-,-,-,-,-,-,,0.014781323,87.6
KIC 11295426,1.243,Kepler-68,c,0,0.0849452,0.0907019,textures/earth.jpg,-,-,-,-,-,-,,0.026297851,86.93
KIC 11295426,1.243,Kepler-68,d,0,,1.39639,textures/earth.jpg,-,-,-,-,-,-,,1.587987372,
KOI-172,0.93,Kepler-69,b,0,0.199661,0.104565,textures/earth.jpg,-,-,-,-,-,-,,0.037570525,89.62
KOI-172,0.93,Kepler-69,c,0,0.15242,0.709354,textures/earth.jpg,-,-,-,-,-,-,,0.663837039,89.85
KOI-97,1.843,Kepler-7,b,0,1.478,0.0622369,textures/earth.jpg,-,-,-,-,-,-,,0.013376124,86.5
2MASS J19182590+4420435,0.99,Kepler-77,b,0,0.96,0.0450195,textures/earth.jpg,-,-,-,-,-,-,,0.009798377,88
KIC 8435766,0.74,Kepler-78,b,0,0.103396,0.0091466,textures/earth.jpg,-,-,-,-,-,-,,0.000971978,79
KOI-10,1.486,Kepler-8,b,0,1.419,0.0483278,textures/earth.jpg,-,-,-,-,-,-,,0.009644395,84.07
KOI-377,1.1,Kepler-9,b,0,0.842,0.140548,textures/earth.jpg,-,-,-,-,-,-,,0.052686021,88.55
KOI-377,1.1,Kepler-9,c,0,0.823,0.22473,textures/earth.jpg,-,-,-,-,-,-,,0.106528244,88.12
KOI-377,1.1,Kepler-9,d,0,0.146311,0.0266925,textures/earth.jpg,-,-,-,-,-,-,,0.004361082,
2MASS J19075308+4652061,2.55,KOI-13,b,0,1.83,0.0362917,textures/earth.jpg,-,-,-,-,-,-,,0.004828851,85.9
KIC 6046540,1.51,KOI-200,b,0,1.32,0.0827067,textures/earth.jpg,-,-,-,-,-,-,,0.02009822,85.55
KIC 757450,0.88,KOI-889,b,0,1.03,0.0807413,textures/earth.jpg,-,-,-,-,-,-,,0.024326116,89.1
,,MOA-2007-BLG-192L,b,0,,,textures/earth.jpg,-,-,-,-,-,-,,,
,,MOA-2007-BLG-400L,b,0,,,textures/earth.jpg,-,-,-,-,-,-,,,
,,MOA-2008-BLG-310L,b,0,,,textures/earth.jpg,-,-,-,-,-,-,,,
,,MOA-2009-BLG-266L,b,0,,,textures/earth.jpg,-,-,-,-,-,-,,,
,,MOA-2009-BLG-319L,b,0,,,textures/earth.jpg,-,-,-,-,-,-,,,
,,MOA-2009-BLG-387L,b,0,,1.76808,textures/earth.jpg,-,-,-,-,-,-,,5.393681248,
,14.7,MOA-2010-BLG-073L,b,0,,,textures/earth.jpg,-,-,-,-,-,-,,,
,,MOA-2010-BLG-477L,b,0,,,textures/earth.jpg,-,-,-,-,-,-,,,
,,MOA-2011-BLG-293L,b,0,,,textures/earth.jpg,-,-,-,-,-,-,,,
,,MOA-bin-1L,b,0,,,textures/earth.jpg,-,-,-,-,-,-,,,
,1.25035,mu Ara,b,0,,1.5273,textures/earth.jpg,-,-,-,-,-,-,,1.761160133,
,1.25035,mu Ara,c,0,,5.34057,textures/earth.jpg,-,-,-,-,-,-,,11.51509878,
,1.25035,mu Ara,d,0,,0.0927843,textures/earth.jpg,-,-,-,-,-,-,,0.026389612,
,1.25035,mu Ara,e,0,,0.93961,textures/earth.jpg,-,-,-,-,-,-,,0.850257694,
2MASS J07370922-1354239,21.2079,NGC 2423 3,b,0,,1.6555,textures/earth.jpg,-,-,-,-,-,-,,1.955688586,
2MASS J12240740-6152126,42.3715,NGC 4349 127,b,0,,1.68103,textures/earth.jpg,-,-,-,-,-,-,,1.855754898,
2MASS J15525613+1254446,,NN Ser,c,0,,6.15467,textures/earth.jpg,-,-,-,-,-,-,,15.2528925,
2MASS J15525613+1254446,,NN Ser,d,0,,3.70596,textures/earth.jpg,-,-,-,-,-,-,,7.13225363,
,,OGLE-05-071L,b,0,,3.54863,textures/earth.jpg,-,-,-,-,-,-,,9.856473346,
,,OGLE-05-169L,b,0,,3.41991,textures/earth.jpg,-,-,-,-,-,-,,9.035100567,
,,OGLE-05-390L,b,0,,2.72349,textures/earth.jpg,-,-,-,-,-,-,,9.58268242,
,,OGLE-2006-BLG-109L,b,0,,2.30586,textures/earth.jpg,-,-,-,-,-,-,,4.900090966,
,,OGLE-2006-BLG-109L,c,0,,4.8168,textures/earth.jpg,-,-,-,-,-,-,,14.8003161,62
,,OGLE-2007-BLG-368L,b,0,,,textures/earth.jpg,-,-,-,-,-,-,,,
EWS 2011-BLG-251,,OGLE-2011-BLG-0251,b,0,,,textures/earth.jpg,-,-,-,-,-,-,,,
MOA 2003-BLG-053L b,,OGLE235-MOA53,b,0,,,textures/earth.jpg,-,-,-,-,-,-,,,
,1.53,OGLE2-TR-L9,b,0,1.61,0.0413279,textures/earth.jpg,-,-,-,-,-,-,,0.006805165,79.8
V5125 Sgr,1.17,OGLE-TR-10,b,0,1.25,0.0434855,textures/earth.jpg,-,-,-,-,-,-,,0.008491018,90
,0.831,OGLE-TR-111,b,0,1.051,0.0468862,textures/earth.jpg,-,-,-,-,-,-,,0.010995717,88.25
,0.774,OGLE-TR-113,b,0,1.093,0.0228946,textures/earth.jpg,-,-,-,-,-,-,,0.003921987,87.8
,1.32,OGLE-TR-132,b,0,1.2,0.0303507,textures/earth.jpg,-,-,-,-,-,-,,0.004626705,83.4
USNO-B1.0 0289-00274184,1.14,OGLE-TR-182,b,0,1.13,0.0513517,textures/earth.jpg,-,-,-,-,-,-,,0.010894415,85.7
2MASS J10401438-6227201,1.64,OGLE-TR-211,b,0,1.36,0.0512842,textures/earth.jpg,-,-,-,-,-,-,,0.010067949,84.2182
,1.363,OGLE-TR-56,b,0,1.363,0.0238309,textures/earth.jpg,-,-,-,-,-,-,,0.003318124,77.6
2MASS J17412488-1252311,12.3,omega Ser,b,0,,1.07698,textures/earth.jpg,-,-,-,-,-,-,,0.758455624,
2MASS J15200853+2936584,10.5,omicron CrB,b,0,,0.826048,textures/earth.jpg,-,-,-,-,-,-,,0.514261497,
2MASS J08301592+6043056,14.1,omicron UMa,b,0,,3.94973,textures/earth.jpg,-,-,-,-,-,-,,4.462792098,
Kepler-64,1.759,PH-1,b,0,0.550851,0.629412,textures/earth.jpg,-,-,-,-,-,-,,0.37921686,89.989
BD +20 2184,1.12943,Pr 201,b,0,,0.0565986,textures/earth.jpg,-,-,-,-,-,-,,0.012119082,
2MASS J08421149+1916373,0.868,Pr 211,b,0,,0.0320419,textures/earth.jpg,-,-,-,-,-,-,,0.005873089,
,,PSR B1257+12,b,0,,0.168494,textures/earth.jpg,-,-,-,-,-,-,,0.069165064,
,,PSR B1257+12,c,0,,0.321369,textures/earth.jpg,-,-,-,-,-,-,,0.182185684,
,,PSR B1257+12,d,0,,0.416595,textures/earth.jpg,-,-,-,-,-,-,,0.268893902,
J20133160+6509433,0.823,Qatar-1,b,0,1.164,0.0234308,textures/earth.jpg,-,-,-,-,-,-,,0.003887922,83.47
2MASS 13503740-0648145,0.713,Qatar-2,b,0,1.144,0.0215077,textures/earth.jpg,-,-,-,-,-,-,,0.003660908,88.3
,1.10084,rho CrB,b,0,,0.225692,textures/earth.jpg,-,-,-,-,-,-,,0.109091721,
,1.41847,tau Boo,b,0,,0.0480039,textures/earth.jpg,-,-,-,-,-,-,,0.009069141,47
,1.54911,tau Gru,b,0,,2.51797,textures/earth.jpg,-,-,-,-,-,-,,3.589399043,
,0.807,TrES-1,b,0,1.067,0.0392516,textures/earth.jpg,-,-,-,-,-,-,,0.008296043,90
GSC 03549-02811,1.003,TrES-2,b,0,1.224,0.0355765,textures/earth.jpg,-,-,-,-,-,-,,0.006764361,83.57
GSC 03089-00929,0.812,TrES-3,b,0,1.336,0.0227178,textures/earth.jpg,-,-,-,-,-,-,,0.003576218,81.85
GSC 02620-00648,1.816,TrES-4,b,0,1.783,0.0509243,textures/earth.jpg,-,-,-,-,-,-,,0.009730379,82.81
GSC 03949-00967,0.866,TrES-5,b,0,1.209,0.0245157,textures/earth.jpg,-,-,-,-,-,-,,0.004058251,84.529
,1.383,upsilon And,b,0,,0.0593858,textures/earth.jpg,-,-,-,-,-,-,,0.0126413,
,1.383,upsilon And,c,0,,0.830445,textures/earth.jpg,-,-,-,-,-,-,,0.660748814,
,1.383,upsilon And,d,0,,2.52452,textures/earth.jpg,-,-,-,-,-,-,,3.499381515,
GSC 02265-00107,1.517,WASP-1,b,0,1.516,0.0385203,textures/earth.jpg,-,-,-,-,-,-,,0.00689938,88.65
,0.698,WASP-10,b,0,1.08,0.0384536,textures/earth.jpg,-,-,-,-,-,-,,0.008467701,88.49
HAT-P-10,0.74,WASP-11,b,0,0.91,0.0436466,textures/earth.jpg,-,-,-,-,-,-,,0.010191771,89.8
2MASS J063032.79+294020.4,1.63,WASP-12,b,0,1.79,0.0225329,textures/earth.jpg,-,-,-,-,-,-,,0.002988216,82.5
,1.512,WASP-13,b,0,1.389,0.0537035,textures/earth.jpg,-,-,-,-,-,-,,0.011918149,85.19
,1.31,WASP-14,b,0,1.281,0.0367693,textures/earth.jpg,-,-,-,-,-,-,,0.006143189,84.32
USNO-B1.0 0578-0402627,1.477,WASP-15,b,0,1.379,0.0499436,textures/earth.jpg,-,-,-,-,-,-,,0.010272909,85.96
USNO-B1.0 0697-0298329,0.946,WASP-16,b,0,1.008,0.0417858,textures/earth.jpg,-,-,-,-,-,-,,0.008538446,85.22
USNO-B1.0 0619-0419495,1.2,WASP-17,b,0,1.932,0.0499354,textures/earth.jpg,-,-,-,-,-,-,,0.010227277,86.63
,1.216,WASP-18,b,0,1.267,0.0201401,textures/earth.jpg,-,-,-,-,-,-,,0.002577613,80.6
,0.99,WASP-19,b,0,1.386,0.0163152,textures/earth.jpg,-,-,-,-,-,-,,0.002159772,79.4
GSC 00522-01199,0.84,WASP-2,b,0,1.077,0.0312729,textures/earth.jpg,-,-,-,-,-,-,,0.005892598,84.73
2MASS J23095825+1823459,1.06,WASP-21,b,0,1.07,0.0521087,textures/earth.jpg,-,-,-,-,-,-,,0.011834564,88.75
2MASS J03311633-2349109,1.13,WASP-22,b,0,1.12,0.0468682,textures/earth.jpg,-,-,-,-,-,-,,0.009672185,89.2
,0.765,WASP-23,b,0,0.962,0.037022,textures/earth.jpg,-,-,-,-,-,-,,0.00806157,88.39
2MASS J15085174+0220358,1.331,WASP-24,b,0,1.3,0.0365155,textures/earth.jpg,-,-,-,-,-,-,,0.006410028,83.64
2MASS J13012637-2731199,0.92,WASP-25,b,0,1.22,0.0473714,textures/earth.jpg,-,-,-,-,-,-,,0.010307749,88
2MASS J00182469-1516022,1.34,WASP-26,b,0,1.32,0.0399686,textures/earth.jpg,-,-,-,-,-,-,,0.007547321,82.5
2MASS J23513108-3954241,0.808,WASP-29,b,0,0.792,0.0456587,textures/earth.jpg,-,-,-,-,-,-,,0.010740071,88.8
2MASS J18343163+3539415,1.31,WASP-3,b,0,1.29,0.0314948,textures/earth.jpg,-,-,-,-,-,-,,0.005056464,85.06
2MASS J11174536-1903171,1.252,WASP-31,b,0,1.537,0.0466223,textures/earth.jpg,-,-,-,-,-,-,,0.00932507,84.54
2MASS J00155080+0112016,1.09,WASP-32,b,0,1.1,0.0390315,textures/earth.jpg,-,-,-,-,-,-,,0.007443447,85.1
2MASS J02265106+3733017,1.444,WASP-33,b,0,1.497,0.0255483,textures/earth.jpg,-,-,-,-,-,-,,0.003339893,87.67
2MASS J11013589-2351382,0.93,WASP-34,b,0,1.22,0.0520747,textures/earth.jpg,-,-,-,-,-,-,,0.011821411,85.2
2MASS J05041962-0613473,1.09,WASP-35,b,0,1.32,0.0431283,textures/earth.jpg,-,-,-,-,-,-,,0.008656105,87.96
2MASS J08461929-0801370,0.943,WASP-36,b,0,1.269,0.0262601,textures/earth.jpg,-,-,-,-,-,-,,0.004209167,83.65
2MASS J14474655+0103538,1.003,WASP-37,b,0,1.16,0.0446312,textures/earth.jpg,-,-,-,-,-,-,,0.009794786,88.82
2MASS J16155036+1001572,1.35,WASP-38,b,0,1.09,0.0758454,textures/earth.jpg,-,-,-,-,-,-,,0.018814584,89.5
2MASS 14291840-0326403,0.895,WASP-39,b,0,1.27,0.0485835,textures/earth.jpg,-,-,-,-,-,-,,0.011102931,87.83
USNO-B1.0 0479-0948995,0.914,WASP-4,b,0,1.341,0.0230406,textures/earth.jpg,-,-,-,-,-,-,,0.003663952,89.47
2MASS J12422849-3038235,0.9,WASP-41,b,0,1.2,0.0404959,textures/earth.jpg,-,-,-,-,-,-,,0.008357197,87.7
,0.85,WASP-42,b,0,1.063,0.0547344,textures/earth.jpg,-,-,-,-,-,-,,0.013639409,88.3
2MASS J10193800-0948225,0.598,WASP-43,b,0,0.93,0.0142363,textures/earth.jpg,-,-,-,-,-,-,,0.002227221,82.6
2MASS J00153675-1156172,0.927,WASP-44,b,0,1.14,0.0347371,textures/earth.jpg,-,-,-,-,-,-,,0.006636155,86.02
2MASS J00205699-3559537,0.945,WASP-45,b,0,1.16,0.0405459,textures/earth.jpg,-,-,-,-,-,-,,0.008558944,84.47
2MASS J21145687-5552184,0.917,WASP-46,b,0,1.31,0.0244921,textures/earth.jpg,-,-,-,-,-,-,,0.003916223,82.63
,1.15,WASP-47,b,0,1.15,0.0520112,textures/earth.jpg,-,-,-,-,-,-,,0.011387348,89.2
2MASS J19243895+5528233,1.75,WASP-48,b,0,1.67,0.034488,textures/earth.jpg,-,-,-,-,-,-,,0.005869075,80.09
,0.976,WASP-49,b,0,1.115,0.0378972,textures/earth.jpg,-,-,-,-,-,-,,0.007616148,84.89
USNO-B1 0487-079949,1.026,WASP-5,b,0,1.14,0.0271923,textures/earth.jpg,-,-,-,-,-,-,,0.004458474,86.1
2MASS 02544513-1053530,0.843,WASP-50,b,0,1.153,0.0294714,textures/earth.jpg,-,-,-,-,-,-,,0.005352875,84
,0.79,WASP-52,b,0,1.27,0.0271336,textures/earth.jpg,-,-,-,-,-,-,,0.004790738,85.35
2MASS J13414903-0007410,1.828,WASP-54,b,0,1.653,0.049881,textures/earth.jpg,-,-,-,-,-,-,,0.010112854,84.97
,1.06,WASP-55,b,0,1.3,0.0532575,textures/earth.jpg,-,-,-,-,-,-,,0.012226498,89.6
2MASS J12132790+2303205,1.112,WASP-56,b,0,1.092,0.056145,textures/earth.jpg,-,-,-,-,-,-,,0.012641204,88.5
2MASS J14551682-0203275,0.836,WASP-57,b,0,0.916,0.0386362,textures/earth.jpg,-,-,-,-,-,-,,0.007772845,88
,1.17,WASP-58,b,0,1.37,0.0562022,textures/earth.jpg,-,-,-,-,-,-,,0.013736584,87.4
,0.613,WASP-59,b,0,0.775,0.0696866,textures/earth.jpg,-,-,-,-,-,-,,0.021683105,89.27
USNO-B1.0 0673-1077008,0.87,WASP-6,b,0,1.224,0.0428704,textures/earth.jpg,-,-,-,-,-,-,,0.009202129,88.47
,1.14,WASP-60,b,0,0.86,0.0531041,textures/earth.jpg,-,-,-,-,-,-,,0.011786702,87.9
,1.36,WASP-61,b,0,1.24,0.0514489,textures/earth.jpg,-,-,-,-,-,-,,0.010557104,89.35
,1.28,WASP-62,b,0,1.39,0.0567187,textures/earth.jpg,-,-,-,-,-,-,,0.012079527,88.3
,1.88,WASP-63,b,0,1.43,0.0574592,textures/earth.jpg,-,-,-,-,-,-,,0.011986786,87.8
,1.058,WASP-64,b,0,1.271,0.0265195,textures/earth.jpg,-,-,-,-,-,-,,0.00430753,86.57
,1.75,WASP-66,b,0,1.39,0.0546221,textures/earth.jpg,-,-,-,-,-,-,,0.01118724,85.9
,0.87,WASP-67,b,0,1.4,0.0517914,textures/earth.jpg,-,-,-,-,-,-,,0.012633863,85.8
,1.236,WASP-7,b,0,0.915,0.0604573,textures/earth.jpg,-,-,-,-,-,-,,0.013565404,89.6
,1.71,WASP-72,b,0,1.01,0.036575,textures/earth.jpg,-,-,-,-,-,-,,0.006069195,86.8
2MASS J02283722-0703384,0.955,WASP-77 A,b,0,1.21,0.0240406,textures/earth.jpg,-,-,-,-,-,-,,0.003723641,89.4
,2.2,WASP-78,b,0,1.7,0.0361391,textures/earth.jpg,-,-,-,-,-,-,,0.005955436,83.2
,1.64,WASP-79,b,0,1.7,0.0534741,textures/earth.jpg,-,-,-,-,-,-,,0.010027269,85.4
2MASS J23593607-3501530,0.945,WASP-8,b,0,1.038,0.080153,textures/earth.jpg,-,-,-,-,-,-,,0.022337821,88.55
2MASS J20124017-0208391,0.571,WASP-80,b,0,0.952,0.0344696,textures/earth.jpg,-,-,-,-,-,-,,0.008399496,89.92
,1.15,WTS-1,b,0,1.49,0.0465809,textures/earth.jpg,-,-,-,-,-,-,,0.009177633,85.5
,10.45,xi Aql,b,0,,0.53813,textures/earth.jpg,-,-,-,-,-,-,,0.374409092,
TYC 2041-1657-1,0.934,XO-1,b,0,1.206,0.049283,textures/earth.jpg,-,-,-,-,-,-,,0.010791562,88.81
TYC 3413-5-1,0.971,XO-2,b,0,0.983,0.0368367,textures/earth.jpg,-,-,-,-,-,-,,0.007161927,88.9
GSC 03727-01064,2.07898,XO-3,b,0,1.217,0.0477112,textures/earth.jpg,-,-,-,-,-,-,,0.008738154,79.32
2MASS J07213317+5816051,,XO-4,b,0,1.33,0.05524,textures/earth.jpg,-,-,-,-,-,-,,0.011294102,88.8
GSC 02959-00729,1.05,XO-5,b,0,1.03,0.0508651,textures/earth.jpg,-,-,-,-,-,-,,0.01146569,86.9
